LOT_ID_BASE,WAFER_ID,Label
8IQU22000,65700L0ESEB7,1
8IQU23016,65700L26SEG1,1
8IQU23016,65700L29SEE1,1
8IQU23016,65700L2ESED4,1
8IQU23016,65700L2GSEE5,1
8IQU23016,65700L2ISEF6,1
8IQU23016,65700L2JSEC5,1
8IQU23016,65700L2KSEG7,1
8IQU23016,65700L3KSEE0,1
8IQU22000,65700M4ISEG4,1
8IQU23016,65700N4GSEE4,1
8IQU23016,65700N4LSED5,1
8IQU23016,65700N4MSEA4,1
8IQU23016,65700N4PSEF7,1
8IQU23016,65700N4QSEC6,1
8IQU23016,65700N4RSEH0,1
8IQU23016,65700N4SSED7,1
8IQU23016,65700N4TSEA6,1
8IQU23016,65700N4USEF0,1
8IQU23016,65700N4VSEB7,1
8IQU22000,65700N4XSED0,1
8IQU22000,65700N4YSEH2,1
8IQU21017,65700N5RSEE1,1
8IQU22009,65700N5SSEB0,1
8IQU23000,65700N5TSEF2,1
8IQU22009,65700N5USEC1,1
8IQU22009,65700N5VSEG3,1
8IQU22009,65700N5WSED2,1
8IQU21017,65700N5XSEA1,1
8IQU21017,65700N5YSEE3,1
8IQU22009,65700N5ZSEB2,1
8IQU21017,65700N60SEE2,1
8IQU22009,65700N61SEB1,1
8IQU21017,65700N6NSEG3,1
8IQU21017,65700N6RSEB2,1
8IQU21017,65700N6SSEF4,1
8IQU21017,65700N6TSEC3,1
8IQU21017,65700N6WSEA3,1
8IQU22009,65700N6XSEE5,1
8IQU21017,65700N6YSEB4,1
8IQU22009,65700N6ZSEF6,1
8IQU22009,65700N70SEB3,1
8IQU22009,65700N73SEG6,1
8IQU22009,65700N74SED5,1
8IQU21017,65700N75SEA4,1
8IQU22000,65700N77SEB5,1
8IQU22000,65700N78SEF7,1
8IQU22000,65700N79SEC6,1
8IQU22000,65700N7ASEH2,1
8IQU22000,65700N7CSEB0,1
8IQU22000,65700N7DSEF2,1
8IQU22000,65700N7FSEG3,1
8IQU22000,65700N7HSEA1,1
8IQU22000,65700N7ISEE3,1
8IQU22000,65700N7JSEB2,1
8IQU22000,65700N7KSEF4,1
8IQU20002,65700V0SSEB0,1
8IQU20002,65700V0TSEF2,1
8IQU20002,65700V0USEC1,1
8IQU20002,65700V0ZSEB2,1
8IQU20002,65700V10SEE2,1
8IQU20002,65700V11SEB1,1
8IQU20002,65700V13SEC2,1
8IQU20002,65700V14SEG4,1
8IQU20002,65700V15SED3,1
8IQU20002,65700V16SEA2,1
8IQU20002,65700V19SEF5,1
8IQU20002,65700V1FSEB7,1
8IQU20002,65700V22SEC4,1
8IQU20002,65700V23SEG6,1
8IQU20002,65700V24SED5,1
8IQU20002,65700V29SEC6,1
8IQU20002,65700V2ASEH2,1
8IQU20002,65700V2BSEE1,1
8IQU20002,65700V2CSEB0,1
8IQU20002,65700V2ESEC1,1
8IQU20002,65700V2FSEG3,1
8IQU20002,65700V2GSED2,1
8IQU20002,65700V2LSEC3,1
8IQU22009,65700V47SED2,1
8IQU20003,65700W02SEA0,1
8IQU20003,65700W03SEE2,1
8IQU20003,65700W04SEB1,1
8IQU20003,65700W05SEF3,1
8IQU20003,65700W06SEC2,1
8IQU20003,65700W07SEG4,1
8IQU20003,65700W08SED3,1
8IQU20003,65700W09SEA2,1
8IQU20003,65700W0ASEE6,1
8IQU20003,65700W0BSEB5,1
8IQU20003,65700W0CSEF7,1
8IQU20003,65700W0DSEC6,1
8IQU20003,65700W0ESEH0,1
8IQU20003,65700W0FSED7,1
8IQU20003,65700W0GSEA6,1
8IQU20003,65700W0HSEF0,1
8IQU20003,65700W0ISEB7,1
8IQU20006,65700W0RSED2,1
8IQU20006,65700W0TSEE3,1
8IQU20006,65700W0USEB2,1
8IQU20006,65700W0VSEF4,1
8IQU20006,65700W0XSEG5,1
8IQU20006,65700W0YSED4,1
8IQU20006,65700W0ZSEA3,1
8IQU20006,65700W11SEA2,1
8IQU20006,65700W12SEE4,1
8IQU20006,65700W13SEB3,1
8IQU20006,65700W14SEF5,1
8IQU20006,65700W15SEC4,1
8IQU21017,65700W16SEG6,1
8IQU20003,65700W18SEA4,1
8IQU20003,65700W19SEE6,1
8IQU20003,65700W1ASEB7,1
8IQU20003,65700W1CSED0,1
8IQU20003,65700W1DSEH2,1
8IQU20003,65700W1ESEE1,1
8IQU20003,65700W1FSEB0,1
8IQU20003,65700W1KSEA1,1
8IQU20006,65700W1NSEF4,1
8IQU20006,65700W1QSED4,1
8IQU20006,65700W1TSEB4,1
8IQU20006,65700W1VSEC5,1
8IQU20006,65700W1WSEG7,1
8IQU20006,65700W1XSED6,1
8IQU20006,65700W21SEE6,1
8IQU20006,65700W22SEB5,1
8IQU20006,65700W25SEH0,1
8IQU20006,65700W26SED7,1
8IQU20006,65700W27SEA6,1
8IQU20006,65700W28SEF0,1
8IQU20006,65700W3KSEB6,1
8IQU20001,65700W57SEG7,1
8IQU20001,65700W59SEA5,1
8IQU20001,65700W5BSEC0,1
8IQU20001,65700W5CSEG2,1
8IQU20001,65700W5DSED1,1
8IQU20001,65700W5ESEA0,1
8IQU20001,65700W5GSEB1,1
8IQU20001,65700W5HSEF3,1
8IQU28000,65701252SED5,1
8IQU28000,65701255SEB5,1
8IQU28000,65701257SEC6,1
8IQU28000,6570126CSEG5,1
8IQU28000,6570126DSED4,1
8IQU28000,6570126ESEA3,1
8IQU23006,6570137NSEF3,1
8IQU23006,65800161SEG2,1
8IQU23006,6580016RSEG3,1
8IQU23006,6580017HSEF2,1
8IQU23006,65800184SEF7,1
8IQU23006,65800187SED7,1
8IQU23006,6580018BSEG3,1
8IQU23006,6580018DSEA1,1
8IQU23006,6580018ESEE3,1
8IQU23006,6580018KSEA3,1
8IQU21014,6580019PSEE0,1
8IQU21014,658001A3SEF2,1
8IQU21014,658001ADSED6,1
8IQU21014,658001AFSEE7,1
8IQU21014,658001AISEC7,1
8IQU21014,658001AJSEH1,1
8IQU21014,658001AQSEA0,1
8IQU20004,65800202SEE6,1
8IQU20004,65800203SEB5,1
8IQU20004,65800206SEH0,1
8IQU20005,65800207SED7,1
8IQU20005,65800208SEA6,1
8IQU20005,65800209SEF0,1
8IQU20005,6580020BSEG3,1
8IQU20005,6580020CSED2,1
8IQU20005,6580020DSEA1,1
8IQU20004,6580020GSEF4,1
8IQU20005,6580020HSEC3,1
8IQU20005,6580020ISEG5,1
8IQU20004,6580020KSEA3,1
8IQU20004,6580020LSEE5,1
8IQU20005,6580021BSED4,1
8IQU20004,6580021FSEF6,1
8IQU20005,6580021QSEA7,1
8IQU20004,6580021RSEF1,1
8IQU20005,6580021WSEE2,1
8IQU20004,6580021YSEF3,1
8IQU20004,6580021ZSEC2,1
8IQU20013,6580024JSEG6,1
8IQU20013,6580024QSEH0,1
8IQU20013,6580025SSEF2,1
8IQU20013,6580026ISEE1,1
8IQU20013,6580026NSED2,1
8IQU20013,6580026TSEG5,1
8IQU20013,6580026ZSEC5,1
8IQU20013,6580027NSEA3,1
8IQU28009,6580028PSEG0,1
8IQU20013,6580028ZSEE2,1
8IQU20013,65800290SEH2,1
8IQU20013,65800291SEE1,1
8IQU20013,65800292SEB0,1
8IQU20013,65800293SEF2,1
8IQU20013,65800294SEC1,1
8IQU20013,65800298SEE3,1
8IQU20013,6580029ASEF6,1
8IQU28009,6580029BSEC5,1
8IQU28009,6580029CSEG7,1
8IQU28009,6580029DSED6,1
8IQU28009,6580029ESEA5,1
8IQU20013,6580029FSEE7,1
8IQU20013,6580029HSEG0,1
8IQU20013,6580029JSEH1,1
8IQU20013,6580029KSEE0,1
8IQU20013,6580029LSEA7,1
8IQU20013,6580029MSEF1,1
8IQU20013,6580029NSEC0,1
8IQU20013,6580029PSED1,1
8IQU28009,658002A4SEB2,1
8IQU28009,658002A5SEF4,1
8IQU28009,658002A6SEC3,1
8IQU28009,658002A7SEG5,1
8IQU28009,658002A8SED4,1
8IQU28009,658002A9SEA3,1
8IQU28009,658002AASEE7,1
8IQU28009,658002ABSEB6,1
8IQU28009,658002ADSEC7,1
8IQU28009,658002AESEH1,1
8IQU28009,658002AGSEA7,1
8IQU28009,658002AHSEF1,1
8IQU28009,658002AJSEG2,1
8IQU28009,658002AKSED1,1
8IQU28009,658002ALSEA0,1
8IQU28009,658002AMSEE2,1
8IQU28009,658002ANSEB1,1
8IQU28009,658002APSEC2,1
8IQU28009,658002AQSEG4,1
8IQU28009,658002B9SEE7,1
8IQU19002,6580030RSEH1,1
8IQU19002,6580030USEF1,1
8IQU19002,6580030WSEG2,1
8IQU19002,6580030XSED1,1
8IQU19002,6580030YSEA0,1
8IQU19002,65800311SEE1,1
8IQU19002,65800312SEB0,1
8IQU19002,65800313SEF2,1
8IQU19002,6580031RSEE2,1
8IQU19002,6580031SSEB1,1
8IQU19002,6580031WSED3,1
8IQU19002,6580031XSEA2,1
8IQU19002,65800323SEC3,1
8IQU20011,6580032YSEB5,1
8IQU20011,65800330SEB4,1
8IQU20011,65800331SEF6,1
8IQU20011,65800332SEC5,1
8IQU20011,65800333SEG7,1
8IQU20011,65800336SEE7,1
8IQU20011,65800346SEC0,1
8IQU20011,6580034CSEF5,1
8IQU19002,65800351SEA0,1
8IQU19002,65800357SED3,1
8IQU19002,65800358SEA2,1
8IQU19002,6580035CSEC6,1
8IQU19002,6580035DSEH0,1
8IQU19002,6580035ISEG1,1
8IQU19002,6580035MSEB0,1
8IQU19002,6580035QSED2,1
8IQU20011,6580035RSEA1,1
8IQU20011,6580035SSEE3,1
8IQU20011,6580035USEF4,1
8IQU20011,6580035XSED4,1
8IQU20011,6580035YSEA3,1
8IQU20011,6580035ZSEE5,1
8IQU19002,6580036DSEE1,1
8IQU19002,6580036ESEB0,1
8IQU19002,6580036FSEF2,1
8IQU20011,6580036GSEC1,1
8IQU20011,6580036KSEE3,1
8IQU20011,6580036RSEE5,1
8IQU20011,6580038ISEE7,1
8IQU20011,6580038KSEG0,1
8IQU19002,65800395SEF4,1
8IQU20011,658003ATSED5,1
8IQU20011,658003AWSEB5,1
8IQU20011,658003AZSEH0,1
8IQU20011,658003B5SEB6,1
8IQU20011,658003BGSEE4,1
8IQU20011,658003BHSEB3,1
8IQU21012,6A072129SOD5,1
8IQU21012,6A072131SOD5,1
8IQU21012,6A072133SOE6,1
8IQU21012,6A074120SOD0,1
8IQU22001,6A077034SOE3,1
8IQU22001,6A077035SOB2,1
8IQU22001,6A077037SOC3,1
8IQU20000,6A078208SOG4,1
8IQU20000,6A078211SOD3,1
8IQU20000,6A078215SOF5,1
8IQU20000,6A078217SOG6,1
8IQU20000,6A078225SOC6,1
8IQU21012,6A079056SOA4,1
8IQU21012,6A079057SOE6,1
8IQU21012,6A079059SOF7,1
8IQU21012,6A079061SOF7,1
8IQU21012,6A079062SOC6,1
8IQU21012,6A079063SOH0,1
8IQU22001,6A079227SOE2,1
8IQU22001,6A079229SOF3,1
8IQU21003,6A079230SOB1,1
8IQU21003,6A079234SOD3,1
8IQU21003,6A079235SOA2,1
8IQU21003,6A079236SOE4,1
8IQU21003,6A079259SOE1,1
8IQU21003,6A079260SOH2,1
8IQU22001,6A07A206SOB3,1
8IQU22001,6A07A207SOF5,1
8IQU22001,6A07A208SOC4,1
8IQU22001,6A07A210SOC4,1
8IQU22001,6A07A280SOE4,1
8IQU22001,6A07A285SOD5,1
8IQU22001,6A07A286SOA4,1
8IQU22001,6A07A287SOE6,1
8IQU22001,6A07B109SOA5,1
8IQU22001,6A07B111SOA5,1
8IQU28002,6A07B189SOH1,1
8IQU28002,6A07B190SOC7,1
8IQU28002,6A07B193SOA7,1
8IQU28002,6A07B194SOF1,1
8IQU28002,6A07B202SOG7,1
8IQU28002,6A07B204SOA5,1
8IQU28002,6A07B247SOB7,1
8IQU20000,6A07B305SOE0,1
8IQU22001,6A07C033SOE5,1
8IQU22001,6A07C034SOB4,1
8IQU21012,6A07C077SOC6,1
8IQU22001,6A07C095SOD2,1
8IQU21012,6A07C304SOA1,1
8IQU21012,6A07C305SOE3,1
8IQU21012,6A07C328SOE0,1
8IQU21012,6A07C330SOE0,1
8IQU21012,6A07C348SOF5,1
8IQU21012,6A07C349SOC4,1
8IQU21012,6A07C350SOF5,1
8IQU28002,6A07C362SOD7,1
8IQU21015,6A07E086SOD6,1
8IQU21016,6A07E261SOB2,1
8IQU21004,6A07G002SOD1,1
8IQU21004,6A07G009SOD3,1
8IQU23005,6A07G061SOD6,1
8IQU19004,6A07G063SOE7,1
8IQU19004,6A07G118SOC6,1
8IQU19004,6A07G122SOD7,1
8IQU21015,6A07G129SOE1,1
8IQU21015,6A07G144SOG5,1
8IQU21016,6A07G182SOB3,1
8IQU21004,6A07G219SOG1,1
8IQU21004,6A07G222SOD0,1
8IQU24001,6A07G240SOD4,1
8IQU24001,6A07G256SOE0,1
8IQU24001,6A07G263SOD1,1
8IQU24001,6A07G270SOC2,1
8IQU21015,6A07G282SOA4,1
8IQU21015,6A07G284SOB5,1
8IQU21015,6A07G285SOF7,1
8IQU21015,6A07G288SOD7,1
8IQU21015,6A07G289SOA6,1
8IQU21015,6A07I121SOA3,1
8IQU21015,6A07I129SOE7,1
8IQU21016,6A07I135SOH1,1
8IQU26000,6A07K084SOE7,1
8IQU26000,6A07K085SOB6,1
8IQU26000,6A07K088SOH1,1
8IQU26000,6A07K089SOE0,1
8IQU22003,6A07K104SOE7,1
8IQU22003,6A07K105SOB6,1
8IQU22003,6A07K106SOG0,1
8IQU22003,6A07K107SOC7,1
8IQU22003,6A07K141SOC6,1
8IQU21016,6A07K177SOE7,1
8IQU21016,6A07K180SOB6,1
8IQU21016,6A07K183SOH1,1
8IQU21016,6A07K184SOE0,1
8IQU21016,6A07K186SOF1,1
8IQU21016,6A07K201SOG0,1
8IQU21016,6A07K202SOC7,1
8IQU21016,6A07K203SOH1,1
8IQU21016,6A07K205SOA7,1
8IQU21016,6A07K207SOC0,1
8IQU21016,6A07K210SOG2,1
8IQU21016,6A07K237SOA6,1
8IQU21016,6A07K238SOF0,1
8IQU21016,6A07K241SOB7,1
8IQU21016,6A07K250SOC1,1
8IQU21016,6A07K262SOA3,1
8IQU23005,6A07K280SOA7,1
8IQU24001,6A07K298SOC4,1
8IQU23005,6A07K301SOF1,1
8IQU24000,6A07K308SOF3,1
8IQU24000,6A07K309SOC2,1
8IQU24000,6A07K312SOG4,1
8IQU24000,6A07K313SOD3,1
8IQU24000,6A07K314SOA2,1
8IQU24000,6A07K315SOE4,1
8IQU24000,6A07K316SOB3,1
8IQU23005,6A07K319SOG6,1
8IQU21015,6A07K326SOF7,1
8IQU21015,6A07K327SOC6,1
8IQU21015,6A07K330SOH0,1
8IQU23005,6A07K349SOF4,1
8IQU21015,6A07K371SOH1,1
8IQU21015,6A07K372SOE0,1
8IQU21015,6A07K375SOC0,1
8IQU23005,6A07K401SOE2,1
8IQU23005,6A07K404SOC2,1
8IQU19004,6A07L001SOA6,1
8IQU19004,6A07L003SOB7,1
8IQU19004,6A07L004SOG1,1
8IQU19004,6A07L006SOH2,1
8IQU19004,6A07L007SOE1,1
8IQU19004,6A07L012SOC1,1
8IQU19004,6A07L014SOD2,1
8IQU21015,6A07L031SOG7,1
8IQU21015,6A07L038SOH1,1
8IQU24000,6A07M062SOC7,1
8IQU24000,6A07M076SOC2,1
8IQU23005,6A07M093SOF7,1
8IQU24000,6A07M125SOE1,1
8IQU24001,6A07M160SOA7,1
8IQU19004,6A07M165SOA0,1
8IQU19004,6A07M166SOE2,1
8IQU19004,6A07M168SOF3,1
8IQU19004,6A07M172SOG4,1
8IQU19004,6A07M177SOF5,1
8IQU19004,6A07M185SOB5,1
8IQU24001,6A07M201SOG6,1
8IQU24001,6A07M205SOB5,1
8IQU24001,6A07M207SOC6,1
8IQU24001,6A07M209SOD7,1
8IQU19004,6A07M221SOB0,1
8IQU24001,6A07M232SOC3,1
8IQU24001,6A07M249SOH1,1
8IQU22003,6A07N054SOH2,1
8IQU22003,6A07N055SOE1,1
8IQU22003,6A07N057SOF2,1
8IQU22003,6A07N063SOA1,1
8IQU22003,6A07N064SOE3,1
8IQU26000,6A07N067SOC3,1
8IQU26000,6A07N084SOG0,1
8IQU24000,6A07N091SOF1,1
8IQU24000,6A07N092SOC0,1
8IQU24000,6A07N096SOE2,1
8IQU24000,6A07N100SOD6,1
8IQU22003,6A07P094SOD7,1
8IQU22003,6A07P096SOF0,1
8IQU22003,6A07P099SOD0,1
8IQU22003,6A07P177SOG6,1
8IQU22003,6A07P225SOE3,1
8IQU23017,6A07P254SOG2,1
8IQU23017,6A07P255SOD1,1
8IQU20007,6A07P256SOA0,1
8IQU20007,6A07P257SOE2,1
8IQU20007,6A07P258SOB1,1
8IQU20007,6A07P259SOF3,1
8IQU23017,6A07P260SOB1,1
8IQU23017,6A07P261SOF3,1
8IQU23017,6A07P262SOC2,1
8IQU23017,6A07P263SOG4,1
8IQU23017,6A07P264SOD3,1
8IQU23017,6A07P265SOA2,1
8IQU23017,6A07P266SOE4,1
8IQU23017,6A07P272SOG6,1
8IQU23017,6A07P273SOD5,1
8IQU22003,6A07Q010SOC7,1
8IQU23001,6A07Q035SOD5,1
8IQU23001,6A07Q044SOD7,1
8IQU22003,6A07Q081SOB6,1
8IQU23001,6A07Q124SOB3,1
8IQU21015,6A07Q136SOH0,1
8IQU21015,6A07Q145SOH2,1
8IQU22003,6A07Q148SOF2,1
8IQU23014,6A07Q162SOD4,1
8IQU23014,6A07Q163SOA3,1
8IQU23014,6A07Q164SOE5,1
8IQU23014,6A07Q166SOF6,1
8IQU23014,6A07Q167SOC5,1
8IQU23008,6A07Q168SOG7,1
8IQU23008,6A07Q169SOD6,1
8IQU23008,6A07Q177SOH1,1
8IQU23001,6A07Q181SOA7,1
8IQU28004,6A07Q189SOF3,1
8IQU28004,6A07Q207SOE2,1
8IQU23014,6A07Q213SOG4,1
8IQU22004,6A07Q215SOA2,1
8IQU23014,6A07Q220SOF5,1
8IQU23014,6A07Q221SOC4,1
8IQU23014,6A07Q222SOG6,1
8IQU23008,6A07Q224SOA4,1
8IQU23001,6A07Q255SOD4,1
8IQU23001,6A07Q257SOE5,1
8IQU23001,6A07Q258SOB4,1
8IQU28001,6A07Q277SOG2,1
8IQU28001,6A07Q278SOD1,1
8IQU28001,6A07Q279SOA0,1
8IQU28001,6A07Q282SOE2,1
8IQU28001,6A07Q284SOF3,1
8IQU28001,6A07Q285SOC2,1
8IQU23001,6A07Q292SOB3,1
8IQU23001,6A07Q293SOF5,1
8IQU23001,6A07Q294SOC4,1
8IQU23001,6A07Q295SOG6,1
8IQU23017,6A07R003SOE1,1
8IQU21016,6A07R006SOC1,1
8IQU21016,6A07R020SOA3,1
8IQU21016,6A07R021SOE5,1
8IQU21016,6A07R026SOD6,1
8IQU21016,6A07R027SOA5,1
8IQU21016,6A07R028SOE7,1
8IQU23012,6A07R035SOE0,1
8IQU23012,6A07R036SOA7,1
8IQU23012,6A07R037SOF1,1
8IQU23012,6A07R038SOC0,1
8IQU23012,6A07R039SOG2,1
8IQU23012,6A07R040SOC0,1
8IQU23012,6A07R041SOG2,1
8IQU23012,6A07R042SOD1,1
8IQU23012,6A07R043SOA0,1
8IQU23012,6A07R044SOE2,1
8IQU23012,6A07R045SOB1,1
8IQU23012,6A07R047SOC2,1
8IQU24000,6A07R049SOD3,1
8IQU24000,6A07R050SOG4,1
8IQU24000,6A07R051SOD3,1
8IQU24000,6A07R052SOA2,1
8IQU24000,6A07R053SOE4,1
8IQU20007,6A07R054SOB3,1
8IQU20007,6A07R055SOF5,1
8IQU23017,6A07R059SOA4,1
8IQU23017,6A07R060SOD5,1
8IQU23004,6A07R062SOE6,1
8IQU23004,6A07R064SOF7,1
8IQU21006,6A07R065SOC6,1
8IQU23017,6A07R066SOH0,1
8IQU23017,6A07R067SOD7,1
8IQU23017,6A07R070SOA6,1
8IQU23017,6A07R071SOF0,1
8IQU23017,6A07R072SOB7,1
8IQU23017,6A07R073SOG1,1
8IQU23017,6A07R074SOD0,1
8IQU21015,6A07R102SOG3,1
8IQU23012,6A07R109SOG5,1
8IQU23012,6A07R117SOC5,1
8IQU23017,6A07R125SOG0,1
8IQU23012,6A07R128SOE0,1
8IQU23012,6A07R129SOA7,1
8IQU21015,6A07R149SOC4,1
8IQU21015,6A07R150SOF5,1
8IQU23004,6A07R189SOF6,1
8IQU23004,6A07R232SOE2,1
8IQU21006,6A07R233SOB1,1
8IQU23004,6A07R234SOF3,1
8IQU23004,6A07R235SOC2,1
8IQU23004,6A07R236SOG4,1
8IQU23004,6A07R237SOD3,1
8IQU23004,6A07R238SOA2,1
8IQU24000,6A07R261SOG1,1
8IQU28001,6A07R287SOD6,1
8IQU28001,6A07R288SOA5,1
8IQU28001,6A07R289SOE7,1
8IQU28001,6A07R291SOE7,1
8IQU20007,6A07S094SOF0,1
8IQU20007,6A07S097SOD0,1
8IQU20007,6A07S098SOH2,1
8IQU23005,6A07S107SOF7,1
8IQU23005,6A07S111SOH0,1
8IQU23005,6A07S112SOD7,1
8IQU23005,6A07S113SOA6,1
8IQU20007,6A07S148SOG0,1
8IQU23013,6A07S251SOC0,1
8IQU23013,6A07S252SOG2,1
8IQU23013,6A07S253SOD1,1
8IQU23013,6A07S255SOE2,1
8IQU23013,6A07S256SOB1,1
8IQU23013,6A07S257SOF3,1
8IQU21013,6A07S296SOE3,1
8IQU23013,6A07S300SOD7,1
8IQU22007,6A07T006SOC7,1
8IQU22007,6A07T007SOH1,1
8IQU21006,6A07T012SOF1,1
8IQU21006,6A07T013SOC0,1
8IQU23004,6A07T015SOD1,1
8IQU23004,6A07T016SOA0,1
8IQU21006,6A07T017SOE2,1
8IQU23017,6A07T024SOD3,1
8IQU21006,6A07T025SOA2,1
8IQU21006,6A07T065SOD4,1
8IQU23017,6A07T067SOE5,1
8IQU23004,6A07T068SOB4,1
8IQU23004,6A07T069SOF6,1
8IQU21006,6A07T070SOB4,1
8IQU23004,6A07T072SOC5,1
8IQU21006,6A07T073SOG7,1
8IQU23004,6A07T074SOD6,1
8IQU23004,6A07T075SOA5,1
8IQU21002,6A07T101SOC7,1
8IQU28007,6A07T128SOE6,1
8IQU28007,6A07T129SOB5,1
8IQU28007,6A07T130SOE6,1
8IQU28007,6A07T131SOB5,1
8IQU28007,6A07T132SOF7,1
8IQU28007,6A07T135SOD7,1
8IQU28007,6A07T136SOA6,1
8IQU28007,6A07T137SOF0,1
8IQU28007,6A07T138SOB7,1
8IQU21002,6A07T140SOB7,1
8IQU21013,6A07T172SOB6,1
8IQU21013,6A07T173SOG0,1
8IQU21001,6A07T179SOC0,1
8IQU21001,6A07T184SOA0,1
8IQU28006,6A07U124SOC7,1
8IQU28006,6A07U128SOF1,1
8IQU19004,6A07U151SOD5,1
8IQU19004,6A07U152SOA4,1
8IQU19004,6A07U153SOE6,1
8IQU19004,6A07U154SOB5,1
8IQU19004,6A07U155SOF7,1
8IQU19004,6A07U199SOE0,1
8IQU19004,6A07U200SOF4,1
8IQU23012,6A07U211SOG7,1
8IQU23012,6A07U212SOD6,1
8IQU23012,6A07U213SOA5,1
8IQU23012,6A07U214SOE7,1
8IQU23012,6A07U215SOB6,1
8IQU23012,6A07U216SOG0,1
8IQU23012,6A07U217SOC7,1
8IQU23012,6A07U218SOH1,1
8IQU23012,6A07U219SOE0,1
8IQU23013,6A07U290SOB6,1
8IQU23013,6A07U302SOF6,1
8IQU23013,6A07U303SOC5,1
8IQU23013,6A07U304SOG7,1
8IQU23013,6A07U305SOD6,1
8IQU21015,6A07V007SOA4,1
8IQU28007,6A07V127SOB2,1
8IQU28007,6A07V128SOF4,1
8IQU28007,6A07V171SOF5,1
8IQU28007,6A07V172SOC4,1
8IQU28007,6A07V173SOG6,1
8IQU28007,6A07V177SOB5,1
8IQU28007,6A07V178SOF7,1
8IQU28007,6A07V180SOF7,1
8IQU28006,6A07V227SOA3,1
8IQU28001,6A07V275SOH0,1
8IQU23017,6A07V308SOC1,1
8IQU20014,6A07X014SOA3,1
8IQU23013,6A07X040SOE2,1
8IQU23013,6A07X041SOB1,1
8IQU23013,6A07X042SOF3,1
8IQU23013,6A07X043SOC2,1
8IQU23013,6A07X044SOG4,1
8IQU23013,6A07X046SOA2,1
8IQU23013,6A07X048SOB3,1
8IQU23013,6A07X049SOF5,1
8IQU23013,6A07X050SOB3,1
8IQU21001,6A07X064SOA6,1
8IQU21001,6A07X065SOF0,1
8IQU23013,6A07X096SOA5,1
8IQU23013,6A07X097SOE7,1
8IQU22002,6A07X114SOG7,1
8IQU22002,6A07X115SOD6,1
8IQU22002,6A07X116SOA5,1
8IQU22002,6A07X117SOE7,1
8IQU22002,6A07X118SOB6,1
8IQU22002,6A07X120SOB6,1
8IQU21001,6A07X122SOC7,1
8IQU21009,6A07X127SOC0,1
8IQU21009,6A07X130SOG2,1
8IQU21002,6A07X139SOA2,1
8IQU21002,6A07X153SOF7,1
8IQU21002,6A07X154SOC6,1
8IQU21002,6A07X155SOH0,1
8IQU21002,6A07X157SOA6,1
8IQU21002,6A07X160SOF0,1
8IQU22007,6A07X163SOD0,1
8IQU22002,6A07X170SOC1,1
8IQU22002,6A07X172SOD2,1
8IQU22002,6A07X173SOA1,1
8IQU22002,6A07X174SOE3,1
8IQU22002,6A07X175SOB2,1
8IQU22007,6A07X177SOC3,1
8IQU22007,6A07X178SOG5,1
8IQU22007,6A07X179SOD4,1
8IQU22007,6A07X180SOG5,1
8IQU22007,6A07X181SOD4,1
8IQU22007,6A07X182SOA3,1
8IQU22007,6A07X183SOE5,1
8IQU21002,6A07X195SOC7,1
8IQU22007,6A07X220SOA7,1
8IQU23014,6A07X290SOC7,1
8IQU23014,6A07X291SOH1,1
8IQU23014,6A07X292SOE0,1
8IQU23014,6A07X293SOA7,1
8IQU23014,6A07X295SOC0,1
8IQU23014,6A07X297SOD1,1
8IQU23014,6A07X299SOE2,1
8IQU23014,6A07Y037SOA3,1
8IQU23014,6A07Y039SOB4,1
8IQU23014,6A07Y040SOE5,1
8IQU23014,6A07Y041SOB4,1
8IQU23014,6A07Y042SOF6,1
8IQU23014,6A07Y043SOC5,1
8IQU23014,6A07Y044SOG7,1
8IQU23014,6A07Y050SOB6,1
8IQU27003,6A07Y051SOG0,1
8IQU27003,6A07Y052SOC7,1
8IQU27003,6A07Y054SOE0,1
8IQU27003,6A07Y055SOA7,1
8IQU22004,6A07Y077SOD5,1
8IQU22004,6A07Y078SOA4,1
8IQU22011,6A07Y090SOF0,1
8IQU22011,6A07Y092SOG1,1
8IQU22011,6A07Y093SOD0,1
8IQU22011,6A07Y096SOB0,1
8IQU23014,6A07Y100SOA4,1
8IQU22011,6A07Y101SOE6,1
8IQU22011,6A07Y102SOB5,1
8IQU22004,6A07Y104SOC6,1
8IQU27002,6A07Y105SOH0,1
8IQU22011,6A07Y106SOD7,1
8IQU27002,6A07Y107SOA6,1
8IQU22011,6A07Y108SOF0,1
8IQU22011,6A07Y109SOB7,1
8IQU22011,6A07Y112SOG1,1
8IQU27002,6A07Y113SOD0,1
8IQU27002,6A07Y114SOH2,1
8IQU27002,6A07Y115SOE1,1
8IQU27002,6A07Y116SOB0,1
8IQU27002,6A07Y117SOF2,1
8IQU27002,6A07Y118SOC1,1
8IQU27002,6A07Y119SOG3,1
8IQU21002,6A07Y131SOD4,1
8IQU22004,6A07Y150SOA7,1
8IQU23001,6A07Y162SOG4,1
8IQU23001,6A07Y163SOD3,1
8IQU23001,6A07Y167SOF5,1
8IQU23001,6A07Y170SOC4,1
8IQU23001,6A07Y177SOC6,1
8IQU23003,6A07Y194SOG3,1
8IQU23003,6A07Y196SOA1,1
8IQU23003,6A07Y197SOE3,1
8IQU23003,6A07Y199SOF4,1
8IQU23001,6A07Y200SOH0,1
8IQU23003,6A07Y201SOD7,1
8IQU27001,6A07Y202SOA6,1
8IQU21011,6A07Y205SOG1,1
8IQU23007,6A07Y207SOH2,1
8IQU27001,6A07Y208SOE1,1
8IQU27001,6A07Y209SOB0,1
8IQU21011,6A07Y212SOF2,1
8IQU27001,6A07Y214SOG3,1
8IQU27001,6A07Y215SOD2,1
8IQU21011,6A07Y216SOA1,1
8IQU21011,6A07Y217SOE3,1
8IQU21011,6A07Y219SOF4,1
8IQU21011,6A07Y220SOB2,1
8IQU21011,6A07Y221SOF4,1
8IQU23001,6A07Y225SOA3,1
8IQU27001,6A07Y227SOB4,1
8IQU27001,6A07Y228SOF6,1
8IQU27001,6A07Y229SOC5,1
8IQU27001,6A07Y230SOF6,1
8IQU23003,6A07Y250SOA0,1
8IQU21007,6A07Y258SOE4,1
8IQU21007,6A07Y259SOB3,1
8IQU21007,6A07Y260SOE4,1
8IQU20014,6A07Y369SOF0,1
8IQU20014,6A07Z008SOG2,1
8IQU20014,6A07Z011SOD1,1
8IQU20014,6A07Z028SOA4,1
8IQU20014,6A07Z031SOE6,1
8IQU20015,6A07Z032SOB5,1
8IQU21002,6A07Z080SOA7,1
8IQU21002,6A07Z081SOF1,1
8IQU21002,6A07Z082SOC0,1
8IQU21002,6A07Z086SOE2,1
8IQU21013,6A07Z171SOH1,1
8IQU28007,6A07Z176SOG2,1
8IQU28001,6A07Z198SOB5,1
8IQU24000,6A07Z203SOF3,1
8IQU24000,6A07Z204SOC2,1
8IQU24000,6A07Z206SOD3,1
8IQU24000,6A07Z219SOF7,1
8IQU24000,6A07Z221SOF7,1
8IQU21013,6A07Z224SOD7,1
8IQU21013,6A07Z225SOA6,1
8IQU28001,6A07Z249SOE5,1
8IQU28001,6A07Z250SOA3,1
8IQU28010,6A07Z319SOF0,1
8IQU28010,6A07Z326SOE1,1
8IQU28010,6A07Z327SOB0,1
8IQU28010,6A07Z329SOC1,1
8IQU28010,6A07Z330SOF2,1
8IQU28010,6A07Z331SOC1,1
8IQU28010,6A07Z332SOG3,1
8IQU28010,6A07Z337SOF4,1
8IQU28010,6A07Z373SOG4,1
8IQU28001,6A081027SOG0,1
8IQU28001,6A081028SOC7,1
8IQU28001,6A081029SOH1,1
8IQU22007,6A081035SOC0,1
8IQU22007,6A081036SOG2,1
8IQU20007,6A081053SOC4,1
8IQU28001,6A081066SOF0,1
8IQU22007,6A081071SOD0,1
8IQU22007,6A081072SOH2,1
8IQU22007,6A081073SOE1,1
8IQU22007,6A081074SOB0,1
8IQU22007,6A081087SOD4,1
8IQU22007,6A081088SOA3,1
8IQU22007,6A081089SOE5,1
8IQU22007,6A081090SOA3,1
8IQU22007,6A081091SOE5,1
8IQU20007,6A081096SOD6,1
8IQU20007,6A081097SOA5,1
8IQU20007,6A081098SOE7,1
8IQU20007,6A081099SOB6,1
8IQU20007,6A081100SOD2,1
8IQU20007,6A081109SOE5,1
8IQU28003,6A081130SOC0,1
8IQU21002,6A081168SOF2,1
8IQU28003,6A081181SOG5,1
8IQU28003,6A081182SOD4,1
8IQU28003,6A081183SOA3,1
8IQU28003,6A081184SOE5,1
8IQU28003,6A081185SOB4,1
8IQU28003,6A081186SOF6,1
8IQU28003,6A081187SOC5,1
8IQU28003,6A081188SOG7,1
8IQU28003,6A081189SOD6,1
8IQU28003,6A081190SOG7,1
8IQU28003,6A081191SOD6,1
8IQU28003,6A081192SOA5,1
8IQU28003,6A081193SOE7,1
8IQU28003,6A081194SOB6,1
8IQU28003,6A081195SOG0,1
8IQU20014,6A081206SOF6,1
8IQU20015,6A081207SOC5,1
8IQU20014,6A081208SOG7,1
8IQU20014,6A081209SOD6,1
8IQU20014,6A081210SOG7,1
8IQU20014,6A081211SOD6,1
8IQU20014,6A081219SOA7,1
8IQU20014,6A081220SOE0,1
8IQU22007,6A081236SOE4,1
8IQU23013,6A081279SOF6,1
8IQU23013,6A081280SOB4,1
8IQU21013,6A081293SOE0,1
8IQU21013,6A081296SOC0,1
8IQU21013,6A081321SOA0,1
8IQU21013,6A081323SOB1,1
8IQU23008,6A082002SOF5,1
8IQU23008,6A082003SOC4,1
8IQU28004,6A082005SOD5,1
8IQU28004,6A082007SOE6,1
8IQU28004,6A082008SOB5,1
8IQU27003,6A082097SOB0,1
8IQU27003,6A082098SOF2,1
8IQU27003,6A082101SOA4,1
8IQU27003,6A082102SOE6,1
8IQU27003,6A082103SOB5,1
8IQU27003,6A082104SOF7,1
8IQU27003,6A082107SOD7,1
8IQU27003,6A082110SOA6,1
8IQU27003,6A082111SOF0,1
8IQU23001,6A082116SOE1,1
8IQU27003,6A082149SOA7,1
8IQU27003,6A082150SOE0,1
8IQU27003,6A082164SOD3,1
8IQU27003,6A082165SOA2,1
8IQU27003,6A082166SOE4,1
8IQU27003,6A082167SOB3,1
8IQU27003,6A082168SOF5,1
8IQU27003,6A082169SOC4,1
8IQU28008,6A082177SOF7,1
8IQU28008,6A082179SOH0,1
8IQU28008,6A082180SOC6,1
8IQU28008,6A082183SOA6,1
8IQU28008,6A082184SOF0,1
8IQU28008,6A082185SOB7,1
8IQU28008,6A082186SOG1,1
8IQU28008,6A082187SOD0,1
8IQU28008,6A082220SOE3,1
8IQU28008,6A082222SOF4,1
8IQU28008,6A082223SOC3,1
8IQU28008,6A082224SOG5,1
8IQU27003,6A082251SOA0,1
8IQU22004,6A082280SOB7,1
8IQU22010,6A083004SOH1,1
8IQU22010,6A083005SOE0,1
8IQU22010,6A083006SOA7,1
8IQU23002,6A083007SOF1,1
8IQU23003,6A083010SOC0,1
8IQU23003,6A083011SOG2,1
8IQU23015,6A083012SOD1,1
8IQU23015,6A083019SOD3,1
8IQU23015,6A083021SOD3,1
8IQU23015,6A083023SOE4,1
8IQU23015,6A083025SOF5,1
8IQU28010,6A083026SOC4,1
8IQU28010,6A083027SOG6,1
8IQU28010,6A083029SOA4,1
8IQU28010,6A083030SOD5,1
8IQU28010,6A083032SOE6,1
8IQU28010,6A083043SOG1,1
8IQU28010,6A083044SOD0,1
8IQU23008,6A083045SOH2,1
8IQU28010,6A083046SOE1,1
8IQU28010,6A083047SOB0,1
8IQU28010,6A083048SOF2,1
8IQU28010,6A083049SOC1,1
8IQU23008,6A083051SOC1,1
8IQU23008,6A083052SOG3,1
8IQU23008,6A083053SOD2,1
8IQU28010,6A083054SOA1,1
8IQU28010,6A083055SOE3,1
8IQU23015,6A083074SOB6,1
8IQU28010,6A083099SOC4,1
8IQU28010,6A083100SOE0,1
8IQU28005,6A083162SOC5,1
8IQU21011,6A083229SOG1,1
8IQU21011,6A083233SOH2,1
8IQU21011,6A083234SOE1,1
8IQU21011,6A083235SOB0,1
8IQU22004,6A083238SOG3,1
8IQU22004,6A083239SOD2,1
8IQU22011,6A083249SOA3,1
8IQU27002,6A083277SOF3,1
8IQU27002,6A083278SOC2,1
8IQU22011,6A083279SOG4,1
8IQU27002,6A083280SOC2,1
8IQU27002,6A083281SOG4,1
8IQU22011,6A083282SOD3,1
8IQU22011,6A083283SOA2,1
8IQU27002,6A083285SOB3,1
8IQU27002,6A083286SOF5,1
8IQU27002,6A083289SOD5,1
8IQU27002,6A083290SOG6,1
8IQU27002,6A083291SOD5,1
8IQU27002,6A083292SOA4,1
8IQU27002,6A083305SOB3,1
8IQU27002,6A083306SOF5,1
8IQU22011,6A083307SOC4,1
8IQU22011,6A083308SOG6,1
8IQU27002,6A083310SOG6,1
8IQU20014,6A084004SOA1,1
8IQU21009,6A084056SOB5,1
8IQU21009,6A084081SOB2,1
8IQU22011,6A084136SOG4,1
8IQU22004,6A084139SOE4,1
8IQU22011,6A084146SOD5,1
8IQU23003,6A084186SOG7,1
8IQU28005,6A084201SOA3,1
8IQU28005,6A084202SOE5,1
8IQU28005,6A084203SOB4,1
8IQU28005,6A084205SOC5,1
8IQU22004,6A084265SOA1,1
8IQU22004,6A084266SOE3,1
8IQU23008,6A084289SOE0,1
8IQU23008,6A084292SOA7,1
8IQU22004,6A084303SOA5,1
8IQU22004,6A084304SOE7,1
8IQU22004,6A084305SOB6,1
8IQU22004,6A084307SOC7,1
8IQU23003,6A085030SOE3,1
8IQU23003,6A085031SOB2,1
8IQU23003,6A085034SOG5,1
8IQU23003,6A085036SOA3,1
8IQU23003,6A085076SOD5,1
8IQU27001,6A085108SOB7,1
8IQU27001,6A085110SOB7,1
8IQU27001,6A085111SOG1,1
8IQU27001,6A085112SOD0,1
8IQU27001,6A085114SOE1,1
8IQU27001,6A085117SOC1,1
8IQU27001,6A085121SOD2,1
8IQU27001,6A085123SOE3,1
8IQU21007,6A085127SOG5,1
8IQU21007,6A085128SOD4,1
8IQU21007,6A085129SOA3,1
8IQU21007,6A085137SOD6,1
8IQU21007,6A085138SOA5,1
8IQU21007,6A085139SOE7,1
8IQU21007,6A085140SOA5,1
8IQU21007,6A085141SOE7,1
8IQU21007,6A085142SOB6,1
8IQU21007,6A085143SOG0,1
8IQU21007,6A085176SOC6,1
8IQU21007,6A085229SOG7,1
8IQU21002,6A085234SOE7,1
8IQU21002,6A085235SOB6,1
8IQU21002,6A085236SOG0,1
8IQU21002,6A085239SOE0,1
8IQU20014,6A085250SOE2,1
8IQU20014,6A085252SOF3,1
8IQU20014,6A085256SOA2,1
8IQU20014,6A085257SOE4,1
8IQU20014,6A085258SOB3,1
8IQU20014,6A085264SOD5,1
8IQU20014,6A085265SOA4,1
8IQU23001,6A085281SOH2,1
8IQU23001,6A085282SOE1,1
8IQU23001,6A085283SOB0,1
8IQU23001,6A085296SOD4,1
8IQU20014,6A085301SOH2,1
8IQU21009,6A086046SOF2,1
8IQU21009,6A086047SOC1,1
8IQU21009,6A086049SOD2,1
8IQU21009,6A086052SOA1,1
8IQU22002,6A086093SOA2,1
8IQU22002,6A086094SOE4,1
8IQU22002,6A086095SOB3,1
8IQU22002,6A086096SOF5,1
8IQU21009,6A086100SOF1,1
8IQU22002,6A086114SOE4,1
8IQU22002,6A086115SOB3,1
8IQU22002,6A086116SOF5,1
8IQU23015,6A086178SOE2,1
8IQU23015,6A086181SOB1,1
8IQU23015,6A086183SOC2,1
8IQU21011,6A086201SOB1,1
8IQU21011,6A086207SOE4,1
8IQU21011,6A086210SOB3,1
8IQU21011,6A086211SOF5,1
8IQU21011,6A086212SOC4,1
8IQU21011,6A086213SOG6,1
8IQU21011,6A086214SOD5,1
8IQU22004,6A086226SOB7,1
8IQU22004,6A086229SOH2,1
8IQU21011,6A086249SOB4,1
8IQU22010,6A086282SOE4,1
8IQU22010,6A086299SOB7,1
8IQU22010,6A086300SOD3,1
8IQU22010,6A086302SOE4,1
8IQU22010,6A086303SOB3,1
8IQU22004,6A087004SOB2,1
8IQU27001,6A087011SOA3,1
8IQU27001,6A087014SOF6,1
8IQU27001,6A087015SOC5,1
8IQU27001,6A087016SOG7,1
8IQU22011,6A087020SOA5,1
8IQU22011,6A087021SOE7,1
8IQU22011,6A087027SOA7,1
8IQU22011,6A087028SOF1,1
8IQU22011,6A087031SOC0,1
8IQU27001,6A087032SOG2,1
8IQU27001,6A087033SOD1,1
8IQU22011,6A087034SOA0,1
8IQU22004,6A087038SOC2,1
8IQU27002,6A087041SOG4,1
8IQU27002,6A087045SOB3,1
8IQU27002,6A087046SOF5,1
8IQU22004,6A087063SOB7,1
8IQU27003,6A087064SOG1,1
8IQU21008,6A087159SOH2,1
8IQU20012,6A087163SOB0,1
8IQU20012,6A087164SOF2,1
8IQU20012,6A087169SOE3,1
8IQU28005,6A087177SOA3,1
8IQU28005,6A087179SOB4,1
8IQU28005,6A087224SOB1,1
8IQU23008,6A088076SOE6,1
8IQU23008,6A088077SOB5,1
8IQU23008,6A088081SOC6,1
8IQU23008,6A088082SOH0,1
8IQU23001,6A088085SOF0,1
8IQU23001,6A088086SOB7,1
8IQU28004,6A088087SOG1,1
8IQU28004,6A088089SOH2,1
8IQU22010,6A088105SOF0,1
8IQU22004,6A088106SOB7,1
8IQU22010,6A088107SOG1,1
8IQU22010,6A088108SOD0,1
8IQU22010,6A088109SOH2,1
8IQU22010,6A088110SOD0,1
8IQU22010,6A088111SOH2,1
8IQU22010,6A088113SOB0,1
8IQU22004,6A088118SOA1,1
8IQU22004,6A088120SOA1,1
8IQU23008,6A088123SOF4,1
8IQU23008,6A088124SOC3,1
8IQU23008,6A088125SOG5,1
8IQU28004,6A088148SOG2,1
8IQU23008,6A088149SOD1,1
8IQU22002,6A088244SOD1,1
8IQU22002,6A088245SOA0,1
8IQU21002,6A089010SOE2,1
8IQU28003,6A089012SOF3,1
8IQU28003,6A089013SOC2,1
8IQU21013,6A089018SOB3,1
8IQU21013,6A089019SOF5,1
8IQU28003,6A089021SOF5,1
8IQU28003,6A089026SOE6,1
8IQU28003,6A089027SOB5,1
8IQU28003,6A089028SOF7,1
8IQU28003,6A089029SOC6,1
8IQU28007,6A089030SOF7,1
8IQU28007,6A089031SOC6,1
8IQU28007,6A089032SOH0,1
8IQU28007,6A089033SOD7,1
8IQU28007,6A089034SOA6,1
8IQU28007,6A089035SOF0,1
8IQU28007,6A089036SOB7,1
8IQU22011,6A089050SOA1,1
8IQU28003,6A089075SOA7,1
8IQU27001,6A089146SOF4,1
8IQU20007,6A089152SOA3,1
8IQU20007,6A089154SOB4,1
8IQU20007,6A089155SOF6,1
8IQU20007,6A089156SOC5,1
8IQU20007,6A089214SOE6,1
8IQU20007,6A089215SOB5,1
8IQU20007,6A089218SOH0,1
8IQU21007,6A089262SOE0,1
8IQU21007,6A089263SOA7,1
8IQU21007,6A089266SOG2,1
8IQU28004,6A08A019SOB2,1
8IQU28004,6A08A025SOD4,1
8IQU23002,6A08A116SOC3,1
8IQU20008,6A08A136SOE0,1
8IQU20008,6A08A137SOA7,1
8IQU20008,6A08A138SOF1,1
8IQU23015,6A08A185SOA1,1
8IQU23015,6A08A186SOE3,1
8IQU23003,6A08A187SOB2,1
8IQU23003,6A08A189SOC3,1
8IQU23003,6A08A190SOF4,1
8IQU23003,6A08A221SOG7,1
8IQU20012,6A08B042SOA1,1
8IQU21011,6A08B045SOF4,1
8IQU21011,6A08B046SOC3,1
8IQU21011,6A08B047SOG5,1
8IQU21011,6A08B048SOD4,1
8IQU21011,6A08B050SOD4,1
8IQU21011,6A08B051SOA3,1
8IQU28004,6A08B083SOA2,1
8IQU28004,6A08B085SOB3,1
8IQU28004,6A08B086SOF5,1
8IQU22004,6A08B129SOF2,1
8IQU23003,6A08B152SOD6,1
8IQU23003,6A08B155SOB6,1
8IQU23003,6A08B158SOH1,1
8IQU23003,6A08B164SOC0,1
8IQU23003,6A08B167SOA0,1
8IQU23003,6A08B172SOF3,1
8IQU23003,6A08B173SOC2,1
8IQU23008,6A08B228SOA1,1
8IQU23008,6A08B229SOE3,1
8IQU23008,6A08B230SOA1,1
8IQU23008,6A08B231SOE3,1
8IQU28010,6A08B232SOB2,1
8IQU23008,6A08B233SOF4,1
8IQU28008,6A08B253SOH1,1
8IQU28008,6A08B254SOE0,1
8IQU28008,6A08B255SOA7,1
8IQU28008,6A08B258SOG2,1
8IQU28008,6A08B262SOA0,1
8IQU28008,6A08B263SOE2,1
8IQU28008,6A08B266SOC2,1
8IQU28008,6A08B267SOG4,1
8IQU28008,6A08B269SOA2,1
8IQU28008,6A08B272SOE4,1
8IQU20012,6A08B275SOC4,1
8IQU23002,6A08B338SOD6,1
8IQU23002,6A08B339SOA5,1
8IQU23002,6A08B343SOB6,1
8IQU23002,6A08B344SOG0,1
8IQU20012,6A08B352SOC0,1
8IQU23002,6A08B353SOG2,1
8IQU23002,6A08B354SOD1,1
8IQU20012,6A08B356SOE2,1
8IQU23002,6A08B357SOB1,1
8IQU23002,6A08B358SOF3,1
8IQU23002,6A08B359SOC2,1
8IQU23002,6A08B362SOG4,1
8IQU23002,6A08B364SOA2,1
8IQU23002,6A08B366SOB3,1
8IQU23002,6A08B369SOG6,1
8IQU20012,6A08B373SOA4,1
8IQU21010,6A08B381SOD7,1
8IQU21010,6A08B382SOA6,1
8IQU21010,6A08B384SOB7,1
8IQU21010,6A08B385SOG1,1
8IQU20012,6A08B388SOE1,1
8IQU20012,6A08B389SOB0,1
8IQU20012,6A08B390SOE1,1
8IQU20012,6A08B391SOB0,1
8IQU20012,6A08B392SOF2,1
8IQU20012,6A08B393SOC1,1
8IQU20012,6A08B401SOD7,1
8IQU21010,6A08B406SOD0,1
8IQU20012,6A08C051SOA6,1
8IQU20012,6A08C052SOF0,1
8IQU20012,6A08C053SOB7,1
8IQU20012,6A08C054SOG1,1
8IQU20012,6A08C099SOB1,1
8IQU20012,6A08C100SOC5,1
8IQU22002,6A08C247SOF2,1
8IQU22002,6A08C251SOG3,1
8IQU22002,6A08C253SOA1,1
8IQU22002,6A08C254SOE3,1
8IQU22002,6A08C300SOA7,1
8IQU28008,6A08C321SOG6,1
8IQU21008,6A08C358SOF6,1
8IQU21008,6A08C359SOC5,1
8IQU21008,6A08C361SOC5,1
8IQU21008,6A08C363SOD6,1
8IQU20008,6A08C372SOE0,1
8IQU20008,6A08C376SOG2,1
8IQU20008,6A08C405SOG4,1
8IQU20008,6A08C406SOD3,1
8IQU20008,6A08C407SOA2,1
8IQU20008,6A08C408SOE4,1
8IQU20012,6A08F063SOA1,1
8IQU20012,6A08F064SOE3,1
8IQU20012,6A08F065SOB2,1
8IQU20012,6A08F066SOF4,1
8IQU20008,6A08F068SOG5,1
8IQU20008,6A08F072SOA3,1
8IQU20008,6A08F074SOB4,1
8IQU20008,6A08F075SOF6,1
8IQU20008,6A08F076SOC5,1
8IQU20008,6A08F078SOD6,1
8IQU23002,6A08F079SOA5,1
8IQU23002,6A08F080SOD6,1
8IQU21009,6A08F095SOA0,1
8IQU21009,6A08F096SOE2,1
8IQU21009,6A08F097SOB1,1
8IQU21009,6A08F098SOF3,1
8IQU21009,6A08F099SOC2,1
8IQU21009,6A08F100SOD6,1
8IQU21009,6A08F104SOG0,1
8IQU21009,6A08F105SOC7,1
8IQU21009,6A08F106SOH1,1
8IQU21009,6A08F107SOE0,1
8IQU28005,6A08F129SOG6,1
8IQU21009,6A08F143SOF0,1
8IQU21009,6A08F144SOB7,1
8IQU21009,6A08F145SOG1,1
8IQU21009,6A08F152SOF2,1
8IQU21010,6A08F158SOB2,1
8IQU21010,6A08F159SOF4,1
8IQU21010,6A08F160SOB2,1
8IQU21010,6A08F161SOF4,1
8IQU21010,6A08F162SOC3,1
8IQU21010,6A08F163SOG5,1
8IQU20008,6A08F164SOD4,1
8IQU20008,6A08F165SOA3,1
8IQU20008,6A08F166SOE5,1
8IQU20008,6A08F168SOF6,1
8IQU20008,6A08F169SOC5,1
8IQU20008,6A08F171SOC5,1
8IQU20008,6A08F172SOG7,1
8IQU20008,6A08F173SOD6,1
8IQU20008,6A08F174SOA5,1
8IQU20008,6A08F175SOE7,1
8IQU21008,6A08F180SOC7,1
8IQU21008,6A08F181SOH1,1
8IQU21008,6A08F182SOE0,1
8IQU21008,6A08F183SOA7,1
8IQU21008,6A08F185SOC0,1
8IQU21008,6A08F186SOG2,1
8IQU21008,6A08F187SOD1,1
8IQU21008,6A08F188SOA0,1
8IQU21008,6A08F189SOE2,1
8IQU23002,6A08F219SOB3,1
8IQU23002,6A08F220SOE4,1
8IQU23002,6A08F221SOB3,1
8IQU23002,6A08F225SOD5,1
8IQU21008,6A08F243SOE1,1
8IQU21008,6A08F249SOA1,1
8IQU23002,6A08F276SOA7,1
8IQU23002,6A08F288SOG4,1
8IQU23002,6A08F289SOD3,1
8IQU23002,6A08F293SOE4,1
8IQU21010,6A08I001SOC5,1
8IQU21010,6A08I002SOG7,1
8IQU21010,6A08I006SOB6,1
8IQU21008,6A08I007SOG0,1
8IQU21008,6A08I010SOC7,1
8IQU21008,6A08I011SOH1,1
8IQU21008,6A08I012SOE0,1
8IQU21008,6A08I013SOA7,1
8IQU21008,6A08I014SOF1,1
8IQU21008,6A08I015SOC0,1
8IQU21008,6A08I016SOG2,1
8IQU21010,6A08I234SOF0,1
8IQU21010,6A08I235SOB7,1
8IQU21010,6A08I236SOG1,1
8IQU21010,6A08I237SOD0,1
8IQU21010,6A08I238SOH2,1
8IQU21010,6A08I241SOE1,1
8IQU21010,6A08I242SOB0,1
8IQU21010,6A08I251SOB2,1
8IQU21010,6A08I252SOF4,1
8IQU21010,6A08I253SOC3,1
8IQU22010,6A08N005SOG6,1
8IQU22010,6A08N006SOD5,1
8IQU22010,6A08N007SOA4,1
8IQU28005,6A08N009SOB5,1
8IQU22010,6A08N010SOE6,1
8IQU22010,6A08N011SOB5,1
8IQU22010,6A08N012SOF7,1
8IQU22010,6A08N015SOD7,1
8IQU22010,6A08N016SOA6,1
8IQU22010,6A08N019SOG1,1
8IQU14007,65700H0SSEF7,0
8IQU14007,65700H0TSEC6,0
8IQU14007,65700H0USEH0,0
8IQU14007,65700H0VSED7,0
8IQU14007,65700H0WSEA6,0
8IQU14013,65700H2ASEE6,0
8IQU16002,65700H2BSEB5,0
8IQU14013,65700H2CSEF7,0
8IQU14013,65700H2ESEH0,0
8IQU16002,65700H2GSEA6,0
8IQU14013,65700H2HSEF0,0
8IQU16002,65700H3GSEF2,0
8IQU14013,65700H3ISEG3,0
8IQU14013,65700I78SEC7,0
8IQU16002,65700I7WSEB7,0
8IQU14013,65700I7XSEG1,0
8IQU14013,65700I7ZSEH2,0
8IQU14013,65700I8JSEC6,0
8IQU16002,65700I8KSEH0,0
8IQU16002,65700I93SEF3,0
8IQU14007,65700M6TSED2,0
8IQU14007,65700M6USEA1,0
8IQU14007,65700M6VSEE3,0
8IQU14007,65700M6XSEF4,0
8IQU14007,65700M6YSEC3,0
8IQU14007,65700M6ZSEG5,0
8IQU14007,65700M70SEC2,0
8IQU14007,65700M8CSEG3,0
8IQU14007,65700M8DSED2,0
8IQU14007,65700M8ESEA1,0
8IQU14014,65700N3TSED5,0
8IQU14014,65700N3USEA4,0
8IQU14014,65700N3VSEE6,0
8IQU14014,65700N3YSEC6,0
8IQU14014,65700N3ZSEH0,0
8IQU14014,65700N40SEC5,0
8IQU14014,65700N41SEG7,0
8IQU17011,65700N51SEE0,0
8IQU17011,65700N53SEF1,0
8IQU17011,65700N54SEC0,0
8IQU17007,65700N55SEG2,0
8IQU17007,65700N56SED1,0
8IQU17011,65700N57SEA0,0
8IQU17007,65700N58SEE2,0
8IQU17007,65700N5BSEC4,0
8IQU17007,65700N5DSED5,0
8IQU17011,65700N5ESEA4,0
8IQU17011,65700N5FSEE6,0
8IQU17007,65700N62SEF3,0
8IQU17011,65700N63SEC2,0
8IQU17011,65700N64SEG4,0
8IQU17007,65700N65SED3,0
8IQU17011,65700N66SEA2,0
8IQU17007,65700N67SEE4,0
8IQU17007,65700N68SEB3,0
8IQU17011,65700N69SEF5,0
8IQU17007,65700N6ASEC6,0
8IQU17011,65700N6BSEH0,0
8IQU17011,65700N6DSEA6,0
8IQU17011,65700N6ESEF0,0
8IQU17007,65700N6FSEB7,0
8IQU17011,65700N6LSEF2,0
8IQU18012,65700NA0SEC1,0
8IQU18001,65700NA1SEG3,0
8IQU18001,65700NA3SEA1,0
8IQU18001,65700NA4SEE3,0
8IQU18001,65700NA5SEB2,0
8IQU18001,65700NA6SEF4,0
8IQU18001,65700NA7SEC3,0
8IQU18001,65700NA8SEG5,0
8IQU18001,65700NA9SED4,0
8IQU18001,65700NAASEA5,0
8IQU18001,65700NABSEE7,0
8IQU18001,65700NACSEB6,0
8IQU18001,65700NADSEG0,0
8IQU18001,65700NAESEC7,0
8IQU18001,65700NAGSEE0,0
8IQU18001,65700NAHSEA7,0
8IQU18012,65700NANSEE2,0
8IQU18012,65700NARSEG4,0
8IQU18001,65700NASSED3,0
8IQU18012,65700NATSEA2,0
8IQU18012,65700NAUSEE4,0
8IQU18012,65700NAWSEF5,0
8IQU18012,65700NAXSEC4,0
8IQU18012,65700NAYSEG6,0
8IQU18012,65700NAZSED5,0
8IQU18012,65700NB0SEG5,0
8IQU18012,65700NB1SED4,0
8IQU18012,65700NB2SEA3,0
8IQU18012,65700NB3SEE5,0
8IQU18012,65700NB4SEB4,0
8IQU18012,65700NB5SEF6,0
8IQU18012,65700NB6SEC5,0
8IQU18012,65700NB7SEG7,0
8IQU18012,65700NB8SED6,0
8IQU18012,65700NB9SEA5,0
8IQU18001,65700NBBSEC0,0
8IQU18001,65700NBCSEG2,0
8IQU18001,65700NBDSED1,0
8IQU18001,65700NBESEA0,0
8IQU18012,65700NBGSEB1,0
8IQU18012,65700NBHSEF3,0
8IQU18001,65700NBISEC2,0
8IQU18001,65700NBJSEG4,0
8IQU18001,65700NBLSEA2,0
8IQU18001,65700NBMSEE4,0
8IQU18001,65700NBNSEB3,0
8IQU17010,65700V1HSED0,0
8IQU17010,65700V1ISEH2,0
8IQU17010,65700V1JSEE1,0
8IQU17010,65700V1KSEB0,0
8IQU17010,65700V1MSEC1,0
8IQU17010,65700V1NSEG3,0
8IQU17010,65700V1QSEE3,0
8IQU17010,65700V1RSEB2,0
8IQU17010,65700V2NSED4,0
8IQU17010,65700V2QSEB4,0
8IQU17010,65700V2SSEC5,0
8IQU17010,65700V2TSEG7,0
8IQU17010,65700V2VSEA5,0
8IQU17010,65700V2WSEE7,0
8IQU17010,65700V2XSEB6,0
8IQU17010,65700V2YSEG0,0
8IQU17010,65700V2ZSEC7,0
8IQU17010,65700V30SEF7,0
8IQU17010,65700V31SEC6,0
8IQU17010,65700V32SEH0,0
8IQU17010,65700V33SED7,0
8IQU17010,65700V48SEA1,0
8IQU17010,65700V49SEE3,0
8IQU17010,65700V4ASEB4,0
8IQU14016,65700V52SEB2,0
8IQU14016,65700V53SEF4,0
8IQU14016,65700V54SEC3,0
8IQU14016,65700V56SED4,0
8IQU14016,65700V5BSEC7,0
8IQU14016,65700V5ZSEB5,0
8IQU14016,65700V65SED6,0
8IQU15017,65700W3MSEC7,0
8IQU15017,65700W3NSEH1,0
8IQU15017,65700W3PSEA7,0
8IQU15017,65700W3QSEF1,0
8IQU15017,65700W3RSEC0,0
8IQU15017,65700W3SSEG2,0
8IQU15017,65700W3TSED1,0
8IQU15017,65700W3USEA0,0
8IQU15017,65700W3VSEE2,0
8IQU15017,65700W3WSEB1,0
8IQU15017,65700W3XSEF3,0
8IQU15017,65700W3ZSEG4,0
8IQU15017,65700W50SEG5,0
8IQU15017,65700W5ISEC2,0
8IQU15017,65700W5JSEG4,0
8IQU15017,65700W6NSEF7,0
8IQU15017,65700W6QSED7,0
8IQU15017,65700W6TSEB7,0
8IQU15017,65700W6USEG1,0
8IQU15009,65700W7WSEE3,0
8IQU14016,65700W7ZSEC3,0
8IQU17008,65700W8WSEB4,0
8IQU17008,65700W8XSEF6,0
8IQU17008,65700W8YSEC5,0
8IQU17008,65700W8ZSEG7,0
8IQU17008,65700W90SEC4,0
8IQU17008,65700W91SEG6,0
8IQU17008,65700W92SED5,0
8IQU17008,65700W93SEA4,0
8IQU15009,65700W94SEE6,0
8IQU15009,65700W98SEH0,0
8IQU15009,65700WAASEA1,0
8IQU15009,65700WACSEB2,0
8IQU15009,65700WADSEF4,0
8IQU15009,65700WAESEC3,0
8IQU14014,65700WAHSEA3,0
8IQU14014,65700WAJSEB4,0
8IQU14014,65700WAKSEF6,0
8IQU14014,65700WALSEC5,0
8IQU14014,65700WAMSEG7,0
8IQU14004,65701377SED4,0
8IQU14004,65701378SEA3,0
8IQU14004,65701379SEE5,0
8IQU14004,6570137ASEB6,0
8IQU14004,6570137BSEG0,0
8IQU14004,6570137CSEC7,0
8IQU14004,6570137DSEH1,0
8IQU14004,6570137FSEA7,0
8IQU14004,6570137HSEC0,0
8IQU14004,6570137ISEG2,0
8IQU14004,6570137JSED1,0
8IQU14004,6570137LSEE2,0
8IQU14004,6570138ISED3,0
8IQU14004,6570138JSEA2,0
8IQU14004,6570138KSEE4,0
8IQU14004,6580018XSEE0,0
8IQU14004,6580018YSEA7,0
8IQU14004,6580018ZSEF1,0
8IQU14004,65800190SEA6,0
8IQU14004,65800191SEF0,0
8IQU14004,65800193SEG1,0
8IQU14004,65800194SED0,0
8IQU14004,65800195SEH2,0
8IQU14004,65800196SEE1,0
8IQU14004,65800199SEC1,0
8IQU31001,6580036SSEB4,0
8IQU31001,6580036TSEF6,0
8IQU31001,6580036VSEG7,0
8IQU31001,6580036WSED6,0
8IQU31001,6580036YSEE7,0
8IQU31001,65800370SEE6,0
8IQU31001,65800371SEB5,0
8IQU31001,65800372SEF7,0
8IQU31001,65800373SEC6,0
8IQU31001,6580039DSEC7,0
8IQU31001,6580039ESEH1,0
8IQU31001,6580039FSEE0,0
8IQU31001,6580039GSEA7,0
8IQU31001,6580039ISEC0,0
8IQU31001,6580039LSEA0,0
8IQU31001,6580039MSEE2,0
8IQU31001,6580039PSEC2,0
8IQU31001,6580039QSEG4,0
8IQU31001,6580039RSED3,0
8IQU31001,6580039SSEA2,0
8IQU31001,6580039TSEE4,0
8IQU31001,6580039USEB3,0
8IQU31001,6580039WSEC4,0
8IQU31001,6580039XSEG6,0
8IQU31001,6580039YSED5,0
8IQU14012,6A03X107SOD1,0
8IQU14012,6A057114SOD2,0
8IQU18011,6A068022SOD4,0
8IQU18011,6A06G352SOF2,0
8IQU18011,6A06H269SOD7,0
8IQU18011,6A06J153SOF0,0
8IQU18011,6A06J154SOB7,0
8IQU18011,6A06J157SOH2,0
8IQU18011,6A06J167SOE3,0
8IQU18011,6A06J168SOB2,0
8IQU18011,6A06J170SOB2,0
8IQU18011,6A06J173SOG5,0
8IQU17009,6A06N029SOE5,0
8IQU17012,6A06N031SOE5,0
8IQU17012,6A06N037SOA5,0
8IQU15007,6A06N071SOA4,0
8IQU15010,6A06X018SOH0,0
8IQU15010,6A06X022SOA6,0
8IQU15010,6A06X024SOB7,0
8IQU17009,6A071027SOD0,0
8IQU17009,6A071028SOH2,0
8IQU17009,6A071029SOE1,0
8IQU17009,6A071032SOB0,0
8IQU17009,6A071038SOE3,0
8IQU17009,6A071048SOB4,0
8IQU17009,6A071073SOB1,0
8IQU17009,6A071076SOG4,0
8IQU17009,6A071084SOC4,0
8IQU17009,6A071092SOF7,0
8IQU17009,6A071125SOB0,0
8IQU17009,6A071136SOC3,0
8IQU17009,6A071323SOF4,0
8IQU15011,6A072005SOA5,0
8IQU15011,6A072007SOB6,0
8IQU15011,6A072012SOH1,0
8IQU15011,6A072015SOF1,0
8IQU15011,6A072018SOD1,0
8IQU15011,6A072020SOD1,0
8IQU13006,6A072030SOA2,0
8IQU13006,6A072032SOB3,0
8IQU13006,6A072034SOC4,0
8IQU13006,6A072035SOG6,0
8IQU13006,6A072038SOE6,0
8IQU13006,6A072039SOB5,0
8IQU15011,6A072072SOE5,0
8IQU15011,6A072074SOF6,0
8IQU13006,6A072107SOA7,0
8IQU16014,6A072113SOD1,0
8IQU13006,6A072158SOF4,0
8IQU13006,6A072161SOC3,0
8IQU13006,6A072164SOA3,0
8IQU13006,6A072169SOG7,0
8IQU13006,6A072170SOC5,0
8IQU13006,6A072171SOG7,0
8IQU16019,6A072345SOB2,0
8IQU16013,6A073180SOA1,0
8IQU16013,6A073349SOD7,0
8IQU15010,6A074067SOA0,0
8IQU16012,6A074173SOB3,0
8IQU16012,6A074175SOC4,0
8IQU14010,6A075048SOD0,0
8IQU14010,6A075050SOD0,0
8IQU16012,6A075127SOD5,0
8IQU16000,6A076007SOD2,0
8IQU15010,6A076008SOA1,0
8IQU15010,6A076016SOD4,0
8IQU16012,6A076017SOA3,0
8IQU15010,6A076018SOE5,0
8IQU15010,6A076085SOB2,0
8IQU17012,6A076178SOB2,0
8IQU17012,6A076179SOF4,0
8IQU14010,6A076263SOE1,0
8IQU13006,6A077038SOG5,0
8IQU13006,6A077045SOF6,0
8IQU13006,6A077046SOC5,0
8IQU13006,6A077052SOE7,0
8IQU13006,6A077056SOH1,0
8IQU13006,6A077407SOA1,0
8IQU13006,6A078153SOB2,0
8IQU16013,6A078155SOC3,0
8IQU13006,6A078193SOE4,0
8IQU16013,6A078223SOB5,0
8IQU13006,6A078226SOH0,0
8IQU16014,6A078228SOA6,0
8IQU16014,6A078229SOF0,0
8IQU16014,6A078230SOA6,0
8IQU16014,6A078231SOF0,0
8IQU16014,6A078233SOG1,0
8IQU16014,6A078234SOD0,0
8IQU16014,6A078235SOH2,0
8IQU16014,6A078237SOB0,0
8IQU16014,6A079029SOH1,0
8IQU16014,6A079030SOC7,0
8IQU16014,6A079033SOA7,0
8IQU16014,6A079034SOF1,0
8IQU16014,6A079037SOD1,0
8IQU15011,6A079046SOD3,0
8IQU15011,6A079105SOC3,0
8IQU15011,6A079111SOE5,0
8IQU15011,6A079114SOC5,0
8IQU15011,6A079117SOA5,0
8IQU15011,6A079165SOH2,0
8IQU16014,6A079183SOA3,0
8IQU16014,6A079201SOG5,0
8IQU16014,6A079205SOB4,0
8IQU16014,6A079222SOF1,0
8IQU16014,6A079223SOC0,0
8IQU13006,6A079242SOG6,0
8IQU16014,6A079246SOB5,0
8IQU16014,6A079247SOF7,0
8IQU16014,6A079249SOH0,0
8IQU13006,6A079265SOG3,0
8IQU15011,6A079288SOG0,0
8IQU15011,6A079289SOC7,0
8IQU15011,6A079290SOG0,0
8IQU15011,6A079291SOC7,0
8IQU15011,6A079292SOH1,0
8IQU15011,6A079293SOE0,0
8IQU15011,6A079294SOA7,0
8IQU15011,6A079296SOC0,0
8IQU15011,6A079299SOA0,0
8IQU15011,6A079300SOB4,0
8IQU16014,6A07A018SOB3,0
8IQU16013,6A07B261SOA1,0
8IQU14015,6A07B279SOB6,0
8IQU14015,6A07B285SOE0,0
8IQU14015,6A07B286SOA7,0
8IQU16013,6A07B307SOF1,0
8IQU14015,6A07B311SOG2,0
8IQU14015,6A07B313SOA0,0
8IQU13006,6A07C043SOB6,0
8IQU14015,6A07C194SOF4,0
8IQU15003,6A07C378SOE3,0
8IQU16017,6A07D015SOE4,0
8IQU16017,6A07D016SOB3,0
8IQU16017,6A07D025SOB5,0
8IQU16017,6A07D027SOC6,0
8IQU16005,6A07D029SOD7,0
8IQU16005,6A07D030SOH0,0
8IQU16017,6A07D031SOD7,0
8IQU16017,6A07D073SOA7,0
8IQU14015,6A07D108SOE4,0
8IQU14015,6A07D112SOF5,0
8IQU15004,6A07D160SOE7,0
8IQU15004,6A07D204SOB3,0
8IQU15004,6A07D210SOD5,0
8IQU15004,6A07D216SOH0,0
8IQU15004,6A07D217SOD7,0
8IQU15001,6A07D227SOB0,0
8IQU15001,6A07D229SOC1,0
8IQU15001,6A07D234SOA1,0
8IQU15001,6A07D235SOE3,0
8IQU15001,6A07D255SOG0,0
8IQU15001,6A07D258SOE0,0
8IQU15001,6A07D259SOA7,0
8IQU15001,6A07D260SOE0,0
8IQU15001,6A07D261SOA7,0
8IQU15001,6A07D262SOF1,0
8IQU15003,6A07D264SOG2,0
8IQU14015,6A07D269SOF3,0
8IQU15001,6A07D273SOG4,0
8IQU15001,6A07D274SOD3,0
8IQU14015,6A07D298SOH2,0
8IQU14015,6A07D300SOF5,0
8IQU13007,6A07E015SOE7,0
8IQU16001,6A07E026SOG2,0
8IQU13007,6A07E030SOA0,0
8IQU13007,6A07E032SOB1,0
8IQU13007,6A07E035SOG4,0
8IQU15013,6A07E036SOD3,0
8IQU17014,6A07E037SOA2,0
8IQU15013,6A07E038SOE4,0
8IQU15013,6A07E039SOB3,0
8IQU15013,6A07E040SOE4,0
8IQU17014,6A07E041SOB3,0
8IQU15013,6A07E043SOC4,0
8IQU15013,6A07E044SOG6,0
8IQU17014,6A07E045SOD5,0
8IQU17014,6A07E048SOB5,0
8IQU17014,6A07E049SOF7,0
8IQU17014,6A07E052SOC6,0
8IQU17014,6A07E053SOH0,0
8IQU17014,6A07E054SOD7,0
8IQU15013,6A07E055SOA6,0
8IQU17014,6A07E056SOF0,0
8IQU17014,6A07E057SOB7,0
8IQU17014,6A07E060SOG1,0
8IQU14001,6A07E067SOG3,0
8IQU14001,6A07E072SOE3,0
8IQU13009,6A07E083SOF6,0
8IQU14001,6A07E087SOA5,0
8IQU14001,6A07E090SOE7,0
8IQU15014,6A07E096SOA7,0
8IQU17014,6A07E098SOC0,0
8IQU17014,6A07E099SOG2,0
8IQU17014,6A07E100SOA3,0
8IQU14005,6A07E101SOE5,0
8IQU14001,6A07E102SOB4,0
8IQU14001,6A07E103SOF6,0
8IQU14001,6A07E104SOC5,0
8IQU14001,6A07E105SOG7,0
8IQU14005,6A07E106SOD6,0
8IQU14005,6A07E108SOE7,0
8IQU14005,6A07E109SOB6,0
8IQU14001,6A07E111SOB6,0
8IQU14001,6A07E112SOG0,0
8IQU14005,6A07E113SOC7,0
8IQU14001,6A07E114SOH1,0
8IQU14001,6A07E147SOD7,0
8IQU14001,6A07E148SOA6,0
8IQU14001,6A07E149SOF0,0
8IQU14005,6A07E150SOA6,0
8IQU15004,6A07E160SOF2,0
8IQU15012,6A07E167SOF4,0
8IQU16020,6A07E168SOC3,0
8IQU16020,6A07E169SOG5,0
8IQU15004,6A07E196SOA0,0
8IQU18002,6A07E222SOC2,0
8IQU14005,6A07E238SOC6,0
8IQU14005,6A07E262SOF4,0
8IQU14001,6A07E263SOC3,0
8IQU14005,6A07E264SOG5,0
8IQU16009,6A07E265SOD4,0
8IQU14001,6A07E266SOA3,0
8IQU14005,6A07E269SOF6,0
8IQU16009,6A07E284SOA7,0
8IQU14005,6A07E286SOC0,0
8IQU17013,6A07E294SOF3,0
8IQU14005,6A07E318SOA2,0
8IQU14005,6A07E319SOE4,0
8IQU14005,6A07E320SOA2,0
8IQU16009,6A07E322SOB3,0
8IQU14005,6A07E323SOF5,0
8IQU15011,6A07E332SOF7,0
8IQU17013,6A07E343SOH2,0
8IQU17013,6A07E347SOC1,0
8IQU14015,6A07E362SOE5,0
8IQU15003,6A07E379SOC0,0
8IQU14015,6A07F048SOC0,0
8IQU17013,6A07F159SOC4,0
8IQU15004,6A07F168SOC6,0
8IQU15004,6A07F170SOC6,0
8IQU15004,6A07F171SOH0,0
8IQU15004,6A07F172SOD7,0
8IQU17013,6A07F238SOD1,0
8IQU17013,6A07F240SOD1,0
8IQU17013,6A07F241SOA0,0
8IQU17013,6A07F243SOB1,0
8IQU17013,6A07F244SOF3,0
8IQU17013,6A07F246SOG4,0
8IQU16003,6A07F286SOC3,0
8IQU16003,6A07F287SOG5,0
8IQU17013,6A07F295SOC5,0
8IQU15016,6A07G003SOA0,0
8IQU15016,6A07G006SOF3,0
8IQU15016,6A07G008SOG4,0
8IQU15016,6A07G010SOG4,0
8IQU15016,6A07G011SOD3,0
8IQU17002,6A07G012SOA2,0
8IQU17002,6A07G018SOD5,0
8IQU16018,6A07G023SOB5,0
8IQU16018,6A07G024SOF7,0
8IQU16018,6A07G025SOC6,0
8IQU17003,6A07G027SOD7,0
8IQU17003,6A07G028SOA6,0
8IQU17003,6A07G029SOF0,0
8IQU17003,6A07G030SOA6,0
8IQU17003,6A07G032SOB7,0
8IQU17003,6A07G034SOD0,0
8IQU17003,6A07G036SOE1,0
8IQU16007,6A07G043SOD2,0
8IQU16007,6A07G049SOG5,0
8IQU16007,6A07G050SOC3,0
8IQU16007,6A07G052SOD4,0
8IQU16007,6A07G054SOE5,0
8IQU14002,6A07G064SOB6,0
8IQU14002,6A07G065SOG0,0
8IQU17009,6A07G089SOC4,0
8IQU17012,6A07G090SOF5,0
8IQU17012,6A07G093SOD5,0
8IQU17012,6A07G094SOA4,0
8IQU14011,6A07G096SOB5,0
8IQU17012,6A07G097SOF7,0
8IQU15012,6A07G098SOC6,0
8IQU16007,6A07G099SOH0,0
8IQU16007,6A07G100SOB1,0
8IQU17009,6A07G101SOF3,0
8IQU17009,6A07G102SOC2,0
8IQU17009,6A07G103SOG4,0
8IQU14011,6A07G104SOD3,0
8IQU17012,6A07G105SOA2,0
8IQU17012,6A07G106SOE4,0
8IQU17012,6A07G107SOB3,0
8IQU17012,6A07G110SOF5,0
8IQU17009,6A07G111SOC4,0
8IQU17012,6A07G112SOG6,0
8IQU17009,6A07G113SOD5,0
8IQU17012,6A07G114SOA4,0
8IQU14001,6A07G128SOH2,0
8IQU14001,6A07G130SOH2,0
8IQU14001,6A07G133SOF2,0
8IQU14001,6A07G134SOC1,0
8IQU14001,6A07G135SOG3,0
8IQU14001,6A07G137SOA1,0
8IQU17009,6A07G148SOB4,0
8IQU17012,6A07G149SOF6,0
8IQU17009,6A07G150SOB4,0
8IQU15012,6A07G151SOF6,0
8IQU16010,6A07G152SOC5,0
8IQU16010,6A07G158SOG0,0
8IQU16010,6A07G159SOC7,0
8IQU15014,6A07G161SOC7,0
8IQU16010,6A07G163SOE0,0
8IQU16010,6A07G164SOA7,0
8IQU15012,6A07G167SOG2,0
8IQU16010,6A07G169SOA0,0
8IQU15014,6A07G171SOA0,0
8IQU15012,6A07G172SOE2,0
8IQU16010,6A07G176SOG4,0
8IQU16010,6A07G177SOD3,0
8IQU16010,6A07G179SOE4,0
8IQU16010,6A07G180SOA2,0
8IQU16020,6A07G183SOF5,0
8IQU16020,6A07G184SOC4,0
8IQU15012,6A07G187SOA4,0
8IQU16020,6A07G189SOB5,0
8IQU16020,6A07G191SOB5,0
8IQU16020,6A07G195SOD7,0
8IQU16020,6A07G197SOF0,0
8IQU14002,6A07G205SOG6,0
8IQU15016,6A07G211SOB5,0
8IQU15016,6A07G214SOH0,0
8IQU15016,6A07G215SOD7,0
8IQU16010,6A07G225SOB0,0
8IQU16020,6A07G250SOA5,0
8IQU14011,6A07G272SOD3,0
8IQU14011,6A07G273SOA2,0
8IQU15012,6A07G286SOC6,0
8IQU15012,6A07G291SOA6,0
8IQU15014,6A07G292SOF0,0
8IQU15014,6A07G295SOD0,0
8IQU15012,6A07G304SOB5,0
8IQU15000,6A07H001SOG5,0
8IQU15000,6A07H002SOD4,0
8IQU14001,6A07H003SOA3,0
8IQU15000,6A07H004SOE5,0
8IQU15000,6A07H006SOF6,0
8IQU15000,6A07H009SOD6,0
8IQU16020,6A07H010SOG7,0
8IQU16020,6A07H012SOA5,0
8IQU16020,6A07H014SOB6,0
8IQU16020,6A07H015SOG0,0
8IQU16020,6A07H033SOG4,0
8IQU16020,6A07H034SOD3,0
8IQU16020,6A07H035SOA2,0
8IQU16020,6A07H036SOE4,0
8IQU16020,6A07H037SOB3,0
8IQU14001,6A07H056SOG1,0
8IQU15000,6A07H058SOH2,0
8IQU16005,6A07H080SOB4,0
8IQU16005,6A07H082SOC5,0
8IQU16005,6A07H087SOB6,0
8IQU16005,6A07H088SOG0,0
8IQU16005,6A07H090SOG0,0
8IQU16005,6A07H096SOC0,0
8IQU17014,6A07H097SOG2,0
8IQU17014,6A07H098SOD1,0
8IQU15013,6A07H102SOC5,0
8IQU16005,6A07H104SOD6,0
8IQU16005,6A07H105SOA5,0
8IQU14005,6A07H106SOE7,0
8IQU16005,6A07H107SOB6,0
8IQU14005,6A07H108SOG0,0
8IQU13009,6A07H116SOC0,0
8IQU16005,6A07H121SOA0,0
8IQU17014,6A07H125SOC2,0
8IQU16005,6A07H135SOG6,0
8IQU16005,6A07H137SOA4,0
8IQU16005,6A07H138SOE6,0
8IQU16005,6A07H139SOB5,0
8IQU16005,6A07H140SOE6,0
8IQU14005,6A07H149SOG1,0
8IQU15013,6A07H150SOB7,0
8IQU17014,6A07H152SOD0,0
8IQU17014,6A07H154SOE1,0
8IQU17014,6A07H157SOC1,0
8IQU13007,6A07H181SOE7,0
8IQU13007,6A07H184SOC7,0
8IQU13007,6A07H186SOE0,0
8IQU13007,6A07H187SOA7,0
8IQU13007,6A07H189SOC0,0
8IQU13007,6A07H190SOF1,0
8IQU15006,6A07H195SOE2,0
8IQU15006,6A07H196SOB1,0
8IQU15006,6A07H201SOE7,0
8IQU16017,6A07H202SOB6,0
8IQU16017,6A07H203SOG0,0
8IQU16017,6A07H209SOC0,0
8IQU16017,6A07H210SOF1,0
8IQU16017,6A07H212SOG2,0
8IQU16017,6A07H213SOD1,0
8IQU13007,6A07H225SOB3,0
8IQU15013,6A07H228SOG6,0
8IQU14005,6A07H229SOD5,0
8IQU14005,6A07H230SOG6,0
8IQU14005,6A07H231SOD5,0
8IQU14005,6A07H232SOA4,0
8IQU14005,6A07H233SOE6,0
8IQU15013,6A07H234SOB5,0
8IQU14005,6A07H236SOC6,0
8IQU15013,6A07H237SOH0,0
8IQU15013,6A07H239SOA6,0
8IQU15013,6A07H240SOD7,0
8IQU15013,6A07H242SOF0,0
8IQU13007,6A07H251SOF2,0
8IQU13007,6A07H253SOG3,0
8IQU13007,6A07H255SOA1,0
8IQU15013,6A07H261SOC3,0
8IQU14005,6A07H265SOE5,0
8IQU15013,6A07H266SOB4,0
8IQU15013,6A07H267SOF6,0
8IQU15013,6A07H270SOC5,0
8IQU15006,6A07I088SOG3,0
8IQU15006,6A07I089SOD2,0
8IQU15006,6A07I093SOE3,0
8IQU13009,6A07I094SOB2,0
8IQU15006,6A07I095SOF4,0
8IQU15006,6A07I096SOC3,0
8IQU15006,6A07I097SOG5,0
8IQU15006,6A07I102SOD0,0
8IQU15006,6A07I103SOH2,0
8IQU15006,6A07I106SOF2,0
8IQU15006,6A07I108SOG3,0
8IQU13009,6A07I109SOD2,0
8IQU16017,6A07I123SOB4,0
8IQU16017,6A07I143SOD1,0
8IQU15006,6A07I150SOC2,0
8IQU15006,6A07I151SOG4,0
8IQU16017,6A07I152SOD3,0
8IQU15005,6A07I154SOE4,0
8IQU15005,6A07I155SOB3,0
8IQU15005,6A07I156SOF5,0
8IQU15005,6A07I157SOC4,0
8IQU15005,6A07I158SOG6,0
8IQU15005,6A07I160SOG6,0
8IQU17014,6A07I195SOE5,0
8IQU13009,6A07I197SOF6,0
8IQU16017,6A07I200SOB0,0
8IQU16017,6A07I201SOF2,0
8IQU17014,6A07I206SOE3,0
8IQU15000,6A07I210SOF4,0
8IQU17014,6A07I211SOC3,0
8IQU15000,6A07I213SOD4,0
8IQU15000,6A07I214SOA3,0
8IQU15000,6A07I216SOB4,0
8IQU15000,6A07I219SOG7,0
8IQU15000,6A07I220SOC5,0
8IQU15005,6A07I221SOG7,0
8IQU17013,6A07I223SOA5,0
8IQU17013,6A07I227SOC7,0
8IQU17013,6A07I228SOH1,0
8IQU17013,6A07I229SOE0,0
8IQU17013,6A07I230SOH1,0
8IQU17013,6A07I231SOE0,0
8IQU17013,6A07I235SOG2,0
8IQU17013,6A07I236SOD1,0
8IQU17013,6A07I237SOA0,0
8IQU17013,6A07I238SOE2,0
8IQU17013,6A07I239SOB1,0
8IQU13009,6A07I249SOF5,0
8IQU17013,6A07I274SOF2,0
8IQU17013,6A07I275SOC1,0
8IQU17013,6A07I276SOG3,0
8IQU15000,6A07I283SOF4,0
8IQU15000,6A07I291SOB4,0
8IQU13009,6A07K003SOB4,0
8IQU13009,6A07K005SOC5,0
8IQU15006,6A07K019SOC0,0
8IQU15006,6A07K020SOF1,0
8IQU15006,6A07K021SOC0,0
8IQU15006,6A07K022SOG2,0
8IQU15006,6A07K023SOD1,0
8IQU15006,6A07K024SOA0,0
8IQU15006,6A07K025SOE2,0
8IQU15016,6A07K036SOF5,0
8IQU15005,6A07K048SOD7,0
8IQU15005,6A07K049SOA6,0
8IQU15005,6A07K050SOD7,0
8IQU16003,6A07K051SOA6,0
8IQU16003,6A07K052SOF0,0
8IQU16017,6A07K053SOB7,0
8IQU16017,6A07K054SOG1,0
8IQU16003,6A07K055SOD0,0
8IQU16003,6A07K057SOE1,0
8IQU15006,6A07K071SOC3,0
8IQU15006,6A07K073SOD4,0
8IQU16017,6A07K078SOC5,0
8IQU16017,6A07K079SOG7,0
8IQU16017,6A07K080SOC5,0
8IQU16017,6A07K082SOD6,0
8IQU15001,6A07K086SOG0,0
8IQU15005,6A07K094SOC0,0
8IQU15005,6A07K095SOG2,0
8IQU16003,6A07K097SOA0,0
8IQU16006,6A07K099SOB1,0
8IQU16003,6A07K101SOG7,0
8IQU16003,6A07K102SOD6,0
8IQU16003,6A07K119SOB1,0
8IQU16005,6A07K121SOB1,0
8IQU16005,6A07K122SOF3,0
8IQU16005,6A07K123SOC2,0
8IQU16005,6A07K124SOG4,0
8IQU16005,6A07K125SOD3,0
8IQU15005,6A07K129SOF5,0
8IQU15005,6A07K132SOC4,0
8IQU15005,6A07K133SOG6,0
8IQU15005,6A07K134SOD5,0
8IQU15016,6A07K136SOE6,0
8IQU15005,6A07K139SOC6,0
8IQU15001,6A07K140SOF7,0
8IQU15001,6A07K143SOD7,0
8IQU15001,6A07K145SOF0,0
8IQU15001,6A07K146SOB7,0
8IQU15001,6A07K148SOD0,0
8IQU16006,6A07K149SOH2,0
8IQU16009,6A07K151SOH2,0
8IQU16016,6A07K155SOC1,0
8IQU16016,6A07K160SOA1,0
8IQU16016,6A07K161SOE3,0
8IQU16016,6A07K163SOF4,0
8IQU15005,6A07K166SOD4,0
8IQU15005,6A07K167SOA3,0
8IQU15005,6A07K168SOE5,0
8IQU15005,6A07K170SOE5,0
8IQU15005,6A07K171SOB4,0
8IQU15005,6A07K172SOF6,0
8IQU15005,6A07K173SOC5,0
8IQU14010,6A07K178SOB6,0
8IQU16009,6A07K189SOD1,0
8IQU16016,6A07K191SOD1,0
8IQU16016,6A07K192SOA0,0
8IQU16016,6A07K195SOF3,0
8IQU16009,6A07K196SOC2,0
8IQU16016,6A07K197SOG4,0
8IQU16016,6A07K198SOD3,0
8IQU16016,6A07K199SOA2,0
8IQU16016,6A07K200SOB6,0
8IQU14010,6A07K215SOF3,0
8IQU14010,6A07K216SOC2,0
8IQU13008,6A07K224SOF5,0
8IQU13008,6A07K225SOC4,0
8IQU16010,6A07K226SOG6,0
8IQU15012,6A07K227SOD5,0
8IQU16010,6A07K228SOA4,0
8IQU15012,6A07K231SOE6,0
8IQU15012,6A07K233SOF7,0
8IQU16016,6A07K243SOD0,0
8IQU16009,6A07K249SOG3,0
8IQU16004,6A07K251SOG3,0
8IQU16004,6A07K254SOE3,0
8IQU14010,6A07K265SOF6,0
8IQU15012,6A07K271SOA5,0
8IQU16010,6A07K273SOB6,0
8IQU16016,6A07K276SOH1,0
8IQU16016,6A07K278SOA7,0
8IQU15012,6A07K286SOE2,0
8IQU16007,6A07K288SOF3,0
8IQU16007,6A07K289SOC2,0
8IQU16007,6A07K292SOG4,0
8IQU16007,6A07K294SOA2,0
8IQU16007,6A07K295SOE4,0
8IQU16007,6A07K296SOB3,0
8IQU16004,6A07K300SOA7,0
8IQU15014,6A07K306SOE2,0
8IQU15014,6A07K307SOB1,0
8IQU16016,6A07K320SOC4,0
8IQU16016,6A07K324SOE6,0
8IQU14010,6A07K334SOB7,0
8IQU14010,6A07K335SOG1,0
8IQU16009,6A07K351SOF4,0
8IQU16009,6A07K352SOC3,0
8IQU16009,6A07K353SOG5,0
8IQU16009,6A07K354SOD4,0
8IQU15015,6A07K355SOA3,0
8IQU15015,6A07K356SOE5,0
8IQU16009,6A07K400SOA0,0
8IQU17012,6A07L008SOB0,0
8IQU17012,6A07L009SOF2,0
8IQU14011,6A07L010SOB0,0
8IQU17006,6A07L011SOF2,0
8IQU17012,6A07L013SOG3,0
8IQU17012,6A07L015SOA1,0
8IQU17012,6A07L016SOE3,0
8IQU17012,6A07L017SOB2,0
8IQU16015,6A07L019SOC3,0
8IQU16015,6A07L020SOF4,0
8IQU16015,6A07L021SOC3,0
8IQU16015,6A07L022SOG5,0
8IQU16015,6A07L024SOA3,0
8IQU16015,6A07L026SOB4,0
8IQU16015,6A07L029SOG7,0
8IQU16015,6A07L030SOC5,0
8IQU16015,6A07L032SOD6,0
8IQU16015,6A07L033SOA5,0
8IQU18002,6A07L040SOH1,0
8IQU18002,6A07L042SOA7,0
8IQU18002,6A07L043SOF1,0
8IQU18002,6A07L044SOC0,0
8IQU18002,6A07L045SOG2,0
8IQU15016,6A07L053SOC2,0
8IQU18002,6A07L056SOA2,0
8IQU18002,6A07L057SOE4,0
8IQU18002,6A07L062SOC4,0
8IQU18002,6A07L063SOG6,0
8IQU18002,6A07L064SOD5,0
8IQU18002,6A07L065SOA4,0
8IQU14001,6A07L066SOE6,0
8IQU18002,6A07L067SOB5,0
8IQU18002,6A07L068SOF7,0
8IQU16021,6A07L071SOC6,0
8IQU16021,6A07L072SOH0,0
8IQU16021,6A07L073SOD7,0
8IQU16015,6A07L074SOA6,0
8IQU16015,6A07L075SOF0,0
8IQU16021,6A07L076SOB7,0
8IQU16015,6A07L077SOG1,0
8IQU16015,6A07L078SOD0,0
8IQU16015,6A07L079SOH2,0
8IQU16015,6A07L081SOH2,0
8IQU16015,6A07L082SOE1,0
8IQU16015,6A07L086SOG3,0
8IQU16015,6A07L087SOD2,0
8IQU16015,6A07L090SOA1,0
8IQU16015,6A07L091SOE3,0
8IQU16015,6A07L092SOB2,0
8IQU14011,6A07L093SOF4,0
8IQU16015,6A07L095SOG5,0
8IQU16015,6A07L096SOD4,0
8IQU15016,6A07L097SOA3,0
8IQU16004,6A07L099SOB4,0
8IQU16004,6A07L103SOB0,0
8IQU16004,6A07L104SOF2,0
8IQU16004,6A07L105SOC1,0
8IQU16004,6A07L107SOD2,0
8IQU16004,6A07L111SOE3,0
8IQU16004,6A07L112SOB2,0
8IQU16004,6A07L114SOC3,0
8IQU15016,6A07L115SOG5,0
8IQU16015,6A07L125SOD6,0
8IQU15016,6A07L127SOE7,0
8IQU15016,6A07L134SOE0,0
8IQU14011,6A07L137SOC0,0
8IQU14011,6A07L139SOD1,0
8IQU14011,6A07L140SOG2,0
8IQU14011,6A07L144SOB1,0
8IQU16004,6A07L145SOF3,0
8IQU17003,6A07M015SOA4,0
8IQU17003,6A07M017SOB5,0
8IQU17003,6A07M018SOF7,0
8IQU18006,6A07M019SOC6,0
8IQU18006,6A07M021SOC6,0
8IQU14000,6A07M022SOH0,0
8IQU14000,6A07M025SOF0,0
8IQU14000,6A07M026SOB7,0
8IQU14000,6A07M037SOD2,0
8IQU14000,6A07M038SOA1,0
8IQU14000,6A07M039SOE3,0
8IQU17015,6A07M040SOA1,0
8IQU14000,6A07M041SOE3,0
8IQU14000,6A07M042SOB2,0
8IQU14000,6A07M043SOF4,0
8IQU14000,6A07M044SOC3,0
8IQU14000,6A07M045SOG5,0
8IQU14000,6A07M046SOD4,0
8IQU14000,6A07M047SOA3,0
8IQU14000,6A07M048SOE5,0
8IQU18006,6A07M051SOB4,0
8IQU17015,6A07M052SOF6,0
8IQU17015,6A07M053SOC5,0
8IQU18006,6A07M054SOG7,0
8IQU18006,6A07M055SOD6,0
8IQU18006,6A07M059SOG0,0
8IQU18006,6A07M064SOE0,0
8IQU18006,6A07M066SOF1,0
8IQU18006,6A07M068SOG2,0
8IQU18006,6A07M069SOD1,0
8IQU18006,6A07M071SOD1,0
8IQU18006,6A07M072SOA0,0
8IQU18006,6A07M074SOB1,0
8IQU14000,6A07M075SOF3,0
8IQU16009,6A07M095SOH0,0
8IQU16009,6A07M096SOD7,0
8IQU16009,6A07M097SOA6,0
8IQU18006,6A07M100SOD3,0
8IQU16009,6A07M101SOA2,0
8IQU16016,6A07M103SOB3,0
8IQU16009,6A07M106SOG6,0
8IQU15001,6A07M137SOC3,0
8IQU15001,6A07M148SOD6,0
8IQU16009,6A07M150SOD6,0
8IQU16004,6A07M176SOB3,0
8IQU17012,6A07M180SOC4,0
8IQU17012,6A07M182SOD5,0
8IQU17012,6A07M187SOC6,0
8IQU14011,6A07M204SOE6,0
8IQU14011,6A07M206SOF7,0
8IQU14011,6A07M210SOH0,0
8IQU16004,6A07M212SOA6,0
8IQU16004,6A07M214SOB7,0
8IQU16004,6A07M215SOG1,0
8IQU16004,6A07M218SOE1,0
8IQU16004,6A07M219SOB0,0
8IQU17009,6A07M228SOB2,0
8IQU17009,6A07M229SOF4,0
8IQU17009,6A07M230SOB2,0
8IQU14011,6A07M231SOF4,0
8IQU14011,6A07M235SOA3,0
8IQU14011,6A07M236SOE5,0
8IQU14011,6A07M237SOB4,0
8IQU14011,6A07M238SOF6,0
8IQU14011,6A07M241SOC5,0
8IQU14011,6A07M243SOD6,0
8IQU14011,6A07M244SOA5,0
8IQU14011,6A07M245SOE7,0
8IQU16004,6A07M271SOB3,0
8IQU16004,6A07M273SOC4,0
8IQU16004,6A07M274SOG6,0
8IQU16004,6A07M275SOD5,0
8IQU16004,6A07M276SOA4,0
8IQU15016,6A07M279SOF7,0
8IQU16004,6A07N010SOB6,0
8IQU16004,6A07N011SOG0,0
8IQU15015,6A07N093SOG2,0
8IQU15015,6A07N099SOC2,0
8IQU16019,6A07N115SOA0,0
8IQU16019,6A07N130SOC4,0
8IQU16019,6A07N139SOD7,0
8IQU13009,6A07N159SOF4,0
8IQU15014,6A07P002SOG4,0
8IQU18002,6A07P005SOE4,0
8IQU18002,6A07P007SOF5,0
8IQU15001,6A07P012SOD5,0
8IQU15001,6A07P013SOA4,0
8IQU15001,6A07P018SOH0,0
8IQU15001,6A07P032SOF2,0
8IQU15001,6A07P033SOC1,0
8IQU15006,6A07P037SOE3,0
8IQU16019,6A07P057SOG0,0
8IQU16017,6A07P066SOG2,0
8IQU16005,6A07P068SOA0,0
8IQU15005,6A07P070SOA0,0
8IQU16001,6A07P077SOA2,0
8IQU18000,6A07P114SOD7,0
8IQU13007,6A07P159SOG2,0
8IQU13007,6A07P161SOG2,0
8IQU13007,6A07P162SOD1,0
8IQU13007,6A07P166SOF3,0
8IQU13007,6A07P168SOG4,0
8IQU16003,6A07P183SOB5,0
8IQU13009,6A07P198SOF2,0
8IQU16018,6A07P201SOA4,0
8IQU13007,6A07P203SOB5,0
8IQU13007,6A07P205SOC6,0
8IQU16003,6A07P224SOA1,0
8IQU16003,6A07P227SOF4,0
8IQU16003,6A07P231SOG5,0
8IQU16003,6A07P244SOB6,0
8IQU16018,6A07P274SOA4,0
8IQU15018,6A07Q008SOC7,0
8IQU15018,6A07Q009SOH1,0
8IQU15018,6A07Q011SOH1,0
8IQU15018,6A07Q013SOA7,0
8IQU15018,6A07Q015SOC0,0
8IQU15018,6A07Q016SOG2,0
8IQU15018,6A07Q019SOE2,0
8IQU13009,6A07Q034SOG6,0
8IQU13009,6A07Q036SOA4,0
8IQU13007,6A07Q038SOB5,0
8IQU13009,6A07Q040SOB5,0
8IQU13009,6A07Q041SOF7,0
8IQU13009,6A07Q042SOC6,0
8IQU13009,6A07Q043SOH0,0
8IQU13009,6A07Q045SOA6,0
8IQU13009,6A07Q046SOF0,0
8IQU13009,6A07Q047SOB7,0
8IQU13009,6A07Q048SOG1,0
8IQU16003,6A07Q089SOG2,0
8IQU16003,6A07Q094SOE2,0
8IQU13009,6A07Q097SOC2,0
8IQU17002,6A07Q110SOC0,0
8IQU17002,6A07Q111SOG2,0
8IQU17002,6A07Q112SOD1,0
8IQU17002,6A07Q113SOA0,0
8IQU17002,6A07Q114SOE2,0
8IQU17002,6A07Q115SOB1,0
8IQU17002,6A07Q116SOF3,0
8IQU17002,6A07Q117SOC2,0
8IQU30007,6A07Q152SOG3,0
8IQU30007,6A07Q153SOD2,0
8IQU30007,6A07Q154SOA1,0
8IQU30007,6A07Q156SOB2,0
8IQU30007,6A07Q158SOC3,0
8IQU30007,6A07Q159SOG5,0
8IQU30007,6A07Q160SOC3,0
8IQU30007,6A07Q161SOG5,0
8IQU30007,6A07Q200SOE0,0
8IQU28001,6A07Q282SOE2,0
8IQU28001,6A07Q285SOC2,0
8IQU16018,6A07R002SOH2,0
8IQU14010,6A07R007SOG3,0
8IQU14010,6A07R008SOD2,0
8IQU14010,6A07R011SOA1,0
8IQU14010,6A07R012SOE3,0
8IQU14010,6A07R013SOB2,0
8IQU14010,6A07R014SOF4,0
8IQU16007,6A07R015SOC3,0
8IQU16007,6A07R016SOG5,0
8IQU16007,6A07R017SOD4,0
8IQU16007,6A07R019SOE5,0
8IQU16007,6A07R022SOB4,0
8IQU16007,6A07R029SOB6,0
8IQU16020,6A07R030SOE7,0
8IQU18006,6A07R033SOC7,0
8IQU18006,6A07R034SOH1,0
8IQU17002,6A07R068SOA6,0
8IQU17002,6A07R069SOF0,0
8IQU17002,6A07R078SOF2,0
8IQU17002,6A07R079SOC1,0
8IQU17002,6A07R080SOF2,0
8IQU17002,6A07R081SOC1,0
8IQU17002,6A07R082SOG3,0
8IQU17002,6A07R083SOD2,0
8IQU15012,6A07R085SOE3,0
8IQU15012,6A07R086SOB2,0
8IQU16020,6A07R090SOC3,0
8IQU15012,6A07R091SOG5,0
8IQU16020,6A07R092SOD4,0
8IQU15012,6A07R093SOA3,0
8IQU16020,6A07R095SOB4,0
8IQU16020,6A07R096SOF6,0
8IQU15012,6A07R097SOC5,0
8IQU15012,6A07R099SOD6,0
8IQU16020,6A07R100SOF2,0
8IQU16010,6A07R103SOD2,0
8IQU16010,6A07R104SOA1,0
8IQU15012,6A07R105SOE3,0
8IQU16010,6A07R106SOB2,0
8IQU16010,6A07R107SOF4,0
8IQU16010,6A07R108SOC3,0
8IQU14002,6A07R112SOD4,0
8IQU14002,6A07R114SOE5,0
8IQU14002,6A07R118SOG7,0
8IQU13008,6A07R119SOD6,0
8IQU13008,6A07R120SOG7,0
8IQU13008,6A07R121SOD6,0
8IQU14002,6A07R130SOE0,0
8IQU14002,6A07R131SOA7,0
8IQU14002,6A07R133SOC0,0
8IQU14002,6A07R135SOD1,0
8IQU16010,6A07R159SOH0,0
8IQU16010,6A07R160SOC6,0
8IQU16010,6A07R161SOH0,0
8IQU16007,6A07R163SOA6,0
8IQU16010,6A07R165SOB7,0
8IQU16010,6A07R166SOG1,0
8IQU16019,6A07R168SOH2,0
8IQU16019,6A07R169SOE1,0
8IQU16019,6A07R171SOE1,0
8IQU16007,6A07R173SOF2,0
8IQU16007,6A07R178SOE3,0
8IQU16007,6A07R181SOB2,0
8IQU15012,6A07R182SOF4,0
8IQU15012,6A07R183SOC3,0
8IQU16007,6A07R184SOG5,0
8IQU15012,6A07R224SOA7,0
8IQU16007,6A07R225SOF1,0
8IQU16021,6A07R240SOA2,0
8IQU16021,6A07R241SOE4,0
8IQU16021,6A07R242SOB3,0
8IQU16021,6A07R243SOF5,0
8IQU16021,6A07R244SOC4,0
8IQU16021,6A07R245SOG6,0
8IQU16021,6A07R246SOD5,0
8IQU16021,6A07R247SOA4,0
8IQU16021,6A07R248SOE6,0
8IQU16021,6A07R251SOB5,0
8IQU16021,6A07R252SOF7,0
8IQU16021,6A07R253SOC6,0
8IQU16021,6A07R255SOD7,0
8IQU15015,6A07R257SOF0,0
8IQU15015,6A07R258SOB7,0
8IQU15015,6A07R260SOB7,0
8IQU13008,6A07R267SOC1,0
8IQU13008,6A07R268SOG3,0
8IQU13008,6A07R270SOG3,0
8IQU13008,6A07R271SOD2,0
8IQU15015,6A07R292SOB6,0
8IQU15015,6A07R293SOG0,0
8IQU15015,6A07R294SOC7,0
8IQU15015,6A07R296SOE0,0
8IQU16021,6A07R298SOF1,0
8IQU16021,6A07R299SOC0,0
8IQU15015,6A07R302SOE5,0
8IQU17015,6A07S020SOA6,0
8IQU17015,6A07S021SOF0,0
8IQU17015,6A07S023SOG1,0
8IQU17015,6A07S024SOD0,0
8IQU17015,6A07S025SOH2,0
8IQU17015,6A07S026SOE1,0
8IQU17015,6A07S027SOB0,0
8IQU17005,6A07S028SOF2,0
8IQU17015,6A07S029SOC1,0
8IQU17015,6A07S030SOF2,0
8IQU17015,6A07S031SOC1,0
8IQU17015,6A07S032SOG3,0
8IQU17005,6A07S033SOD2,0
8IQU17005,6A07S034SOA1,0
8IQU17015,6A07S037SOF4,0
8IQU17015,6A07S042SOD4,0
8IQU17015,6A07S075SOA2,0
8IQU17004,6A07S151SOC7,0
8IQU17004,6A07S154SOA7,0
8IQU17004,6A07S156SOC0,0
8IQU17004,6A07S157SOG2,0
8IQU17004,6A07S158SOD1,0
8IQU17004,6A07S159SOA0,0
8IQU17004,6A07S160SOD1,0
8IQU17004,6A07S161SOA0,0
8IQU17004,6A07S162SOE2,0
8IQU17004,6A07S163SOB1,0
8IQU16006,6A07S166SOG4,0
8IQU16006,6A07S168SOA2,0
8IQU17004,6A07S169SOE4,0
8IQU17004,6A07S170SOA2,0
8IQU16018,6A07S176SOD5,0
8IQU16018,6A07S177SOA4,0
8IQU16018,6A07S178SOE6,0
8IQU16018,6A07S179SOB5,0
8IQU16018,6A07S180SOE6,0
8IQU16018,6A07S182SOF7,0
8IQU16018,6A07S183SOC6,0
8IQU16018,6A07S184SOH0,0
8IQU17004,6A07S185SOD7,0
8IQU17004,6A07S186SOA6,0
8IQU17005,6A07S197SOC1,0
8IQU17004,6A07S199SOD2,0
8IQU17004,6A07S221SOD2,0
8IQU17004,6A07S222SOA1,0
8IQU17004,6A07S223SOE3,0
8IQU17005,6A07S241SOE7,0
8IQU17005,6A07S242SOB6,0
8IQU17005,6A07S243SOG0,0
8IQU14017,6A07S259SOG4,0
8IQU14017,6A07S260SOC2,0
8IQU14017,6A07S261SOG4,0
8IQU14017,6A07S264SOE4,0
8IQU14017,6A07S265SOB3,0
8IQU16006,6A07S266SOF5,0
8IQU16006,6A07S267SOC4,0
8IQU16006,6A07S268SOG6,0
8IQU14017,6A07S269SOD5,0
8IQU16006,6A07S270SOG6,0
8IQU16006,6A07S297SOB2,0
8IQU16006,6A07S298SOF4,0
8IQU16006,6A07S299SOC3,0
8IQU15008,6A07T002SOA5,0
8IQU17015,6A07T010SOE0,0
8IQU17015,6A07T011SOA7,0
8IQU17015,6A07T018SOB1,0
8IQU15002,6A07T019SOF3,0
8IQU15002,6A07T021SOF3,0
8IQU15002,6A07T022SOC2,0
8IQU15002,6A07T023SOG4,0
8IQU17005,6A07T153SOE3,0
8IQU17005,6A07T155SOF4,0
8IQU17000,6A07T174SOC7,0
8IQU17005,6A07T214SOE4,0
8IQU17005,6A07T217SOC4,0
8IQU17005,6A07T218SOG6,0
8IQU17005,6A07T219SOD5,0
8IQU17005,6A07T222SOA4,0
8IQU17005,6A07T223SOE6,0
8IQU26002,6A07U126SOE0,0
8IQU15000,6A07U148SOG6,0
8IQU16021,6A07U156SOC6,0
8IQU16021,6A07U157SOH0,0
8IQU14002,6A07U158SOD7,0
8IQU14002,6A07U159SOA6,0
8IQU14002,6A07U160SOD7,0
8IQU14002,6A07U161SOA6,0
8IQU14002,6A07U162SOF0,0
8IQU14002,6A07U163SOB7,0
8IQU14002,6A07U164SOG1,0
8IQU14002,6A07U167SOE1,0
8IQU16021,6A07U168SOB0,0
8IQU16021,6A07U169SOF2,0
8IQU16021,6A07U170SOB0,0
8IQU14002,6A07U171SOF2,0
8IQU14002,6A07U174SOD2,0
8IQU13008,6A07U179SOC3,0
8IQU13008,6A07U180SOF4,0
8IQU13008,6A07U181SOC3,0
8IQU13008,6A07U183SOD4,0
8IQU13008,6A07U187SOF6,0
8IQU13008,6A07U188SOC5,0
8IQU13008,6A07U189SOG7,0
8IQU13008,6A07U192SOD6,0
8IQU13008,6A07U193SOA5,0
8IQU13008,6A07U194SOE7,0
8IQU13008,6A07U195SOB6,0
8IQU13008,6A07U196SOG0,0
8IQU13008,6A07U197SOC7,0
8IQU16021,6A07U198SOH1,0
8IQU15015,6A07U201SOC3,0
8IQU16009,6A07U205SOE5,0
8IQU16009,6A07U206SOB4,0
8IQU16009,6A07U207SOF6,0
8IQU16009,6A07U208SOC5,0
8IQU16009,6A07U209SOG7,0
8IQU15008,6A07U226SOD1,0
8IQU15008,6A07U234SOG4,0
8IQU15008,6A07U235SOD3,0
8IQU15008,6A07U238SOB3,0
8IQU15015,6A07U245SOA4,0
8IQU15008,6A07U250SOF7,0
8IQU14010,6A07U252SOH0,0
8IQU14010,6A07U254SOA6,0
8IQU16006,6A07U255SOF0,0
8IQU16006,6A07U256SOB7,0
8IQU16006,6A07U257SOG1,0
8IQU15008,6A07U277SOA3,0
8IQU14010,6A07U280SOE5,0
8IQU14010,6A07U287SOE7,0
8IQU14010,6A07U288SOB6,0
8IQU15008,6A07U291SOG0,0
8IQU14010,6A07U300SOE5,0
8IQU14010,6A07U306SOA5,0
8IQU14010,6A07U308SOB6,0
8IQU16009,6A07U309SOG0,0
8IQU14010,6A07U310SOB6,0
8IQU14010,6A07U311SOG0,0
8IQU15000,6A07V003SOF5,0
8IQU15000,6A07V004SOC4,0
8IQU15000,6A07V009SOB5,0
8IQU15000,6A07V013SOC6,0
8IQU15000,6A07V015SOD7,0
8IQU17014,6A07V023SOH2,0
8IQU13009,6A07V026SOF2,0
8IQU15000,6A07V027SOC1,0
8IQU13009,6A07V028SOG3,0
8IQU18002,6A07V031SOD2,0
8IQU15000,6A07V039SOA3,0
8IQU15000,6A07V041SOA3,0
8IQU16006,6A07V044SOF6,0
8IQU16006,6A07V045SOC5,0
8IQU16006,6A07V046SOG7,0
8IQU15000,6A07V050SOA5,0
8IQU16006,6A07V051SOE7,0
8IQU16006,6A07V052SOB6,0
8IQU14017,6A07V053SOG0,0
8IQU14017,6A07V057SOA7,0
8IQU14017,6A07V060SOF1,0
8IQU16006,6A07V062SOG2,0
8IQU14017,6A07V063SOD1,0
8IQU16006,6A07V064SOA0,0
8IQU16006,6A07V065SOE2,0
8IQU16006,6A07V066SOB1,0
8IQU16006,6A07V068SOC2,0
8IQU13009,6A07V074SOE4,0
8IQU15000,6A07V075SOB3,0
8IQU14017,6A07V097SOE1,0
8IQU14017,6A07V100SOG6,0
8IQU13009,6A07V125SOA1,0
8IQU15008,6A07V139SOG7,0
8IQU15008,6A07V154SOC0,0
8IQU15008,6A07V155SOG2,0
8IQU15008,6A07V156SOD1,0
8IQU15008,6A07V157SOA0,0
8IQU15008,6A07V158SOE2,0
8IQU26002,6A07V271SOE6,0
8IQU28001,6A07V275SOH0,0
8IQU17002,6A07V276SOD7,0
8IQU17002,6A07V277SOA6,0
8IQU17003,6A07V278SOF0,0
8IQU17003,6A07V280SOF0,0
8IQU17003,6A07V281SOB7,0
8IQU17003,6A07V282SOG1,0
8IQU17003,6A07V283SOD0,0
8IQU15018,6A07V284SOH2,0
8IQU16018,6A07V286SOB0,0
8IQU16018,6A07V291SOG3,0
8IQU16018,6A07V303SOD0,0
8IQU17002,6A07V309SOG3,0
8IQU31002,6A07W108SOE2,0
8IQU31002,6A07W110SOE2,0
8IQU31002,6A07W111SOB1,0
8IQU31002,6A07W112SOF3,0
8IQU31002,6A07W113SOC2,0
8IQU31002,6A07W114SOG4,0
8IQU31000,6A07W198SOA4,0
8IQU31000,6A07W202SOA0,0
8IQU31000,6A07W204SOB1,0
8IQU31000,6A07W205SOF3,0
8IQU31000,6A07W247SOC3,0
8IQU17000,6A07X030SOH1,0
8IQU16006,6A07X077SOD2,0
8IQU15008,6A07X078SOA1,0
8IQU15008,6A07X098SOB6,0
8IQU15008,6A07X099SOG0,0
8IQU15008,6A07X124SOE0,0
8IQU17000,6A07X186SOC5,0
8IQU30007,6A07Y072SOE4,0
8IQU31003,6A07Y110SOF0,0
8IQU31003,6A07Y124SOE3,0
8IQU31003,6A07Y130SOG5,0
8IQU31003,6A07Y204SOB7,0
8IQU17000,6A07Y285SOF2,0
8IQU17000,6A07Y286SOC1,0
8IQU17000,6A07Y287SOG3,0
8IQU17000,6A07Y288SOD2,0
8IQU17000,6A07Y289SOA1,0
8IQU17000,6A07Y291SOA1,0
8IQU17000,6A07Y292SOE3,0
8IQU17000,6A07Y385SOE3,0
8IQU17000,6A07Z005SOA7,0
8IQU17000,6A07Z006SOF1,0
8IQU14000,6A07Z137SOH2,0
8IQU14000,6A07Z141SOB0,0
8IQU14000,6A07Z142SOF2,0
8IQU14000,6A07Z143SOC1,0
8IQU17004,6A07Z165SOE7,0
8IQU17004,6A07Z166SOB6,0
8IQU17004,6A07Z167SOG0,0
8IQU17004,6A07Z169SOH1,0
8IQU13008,6A07Z201SOE2,0
8IQU13008,6A07Z202SOB1,0
8IQU13008,6A07Z205SOG4,0
8IQU16016,6A07Z210SOE4,0
8IQU16016,6A07Z211SOB3,0
8IQU16016,6A07Z212SOF5,0
8IQU16016,6A07Z213SOC4,0
8IQU16016,6A07Z214SOG6,0
8IQU16016,6A07Z215SOD5,0
8IQU16016,6A07Z216SOA4,0
8IQU16016,6A07Z217SOE6,0
8IQU17005,6A07Z228SOG1,0
8IQU15002,6A07Z232SOH2,0
8IQU15002,6A07Z233SOE1,0
8IQU15002,6A07Z236SOC1,0
8IQU15002,6A07Z237SOG3,0
8IQU15002,6A07Z238SOD2,0
8IQU15002,6A07Z239SOA1,0
8IQU15002,6A07Z240SOD2,0
8IQU17005,6A07Z248SOA3,0
8IQU28001,6A07Z249SOE5,0
8IQU31000,6A080191SOD3,0
8IQU31000,6A080193SOE4,0
8IQU31000,6A080194SOB3,0
8IQU31000,6A080196SOC4,0
8IQU31000,6A080197SOG6,0
8IQU31000,6A080199SOA4,0
8IQU31000,6A080200SOC0,0
8IQU31000,6A080206SOF3,0
8IQU31000,6A080208SOG4,0
8IQU31000,6A080210SOG4,0
8IQU31000,6A080211SOD3,0
8IQU31000,6A080212SOA2,0
8IQU31000,6A080213SOE4,0
8IQU31000,6A080214SOB3,0
8IQU31000,6A080215SOF5,0
8IQU31000,6A080251SOG5,0
8IQU15002,6A081006SOA1,0
8IQU15002,6A081007SOE3,0
8IQU15002,6A081008SOB2,0
8IQU15002,6A081010SOB2,0
8IQU15002,6A081013SOG5,0
8IQU15002,6A081014SOD4,0
8IQU15002,6A081015SOA3,0
8IQU15002,6A081016SOE5,0
8IQU15002,6A081017SOB4,0
8IQU15002,6A081018SOF6,0
8IQU15002,6A081021SOC5,0
8IQU15002,6A081024SOA5,0
8IQU17005,6A081046SOD3,0
8IQU17004,6A081076SOC1,0
8IQU17002,6A081112SOB4,0
8IQU17002,6A081113SOF6,0
8IQU17002,6A081114SOC5,0
8IQU17002,6A081116SOD6,0
8IQU17004,6A081125SOE0,0
8IQU14017,6A081173SOD2,0
8IQU14017,6A081175SOE3,0
8IQU15008,6A081265SOG3,0
8IQU15008,6A081266SOD2,0
8IQU15008,6A081267SOA1,0
8IQU15008,6A081271SOB2,0
8IQU15008,6A081272SOF4,0
8IQU15008,6A081282SOC5,0
8IQU14017,6A081285SOA5,0
8IQU14017,6A081286SOE7,0
8IQU15002,6A081302SOC5,0
8IQU15002,6A081303SOG7,0
8IQU14000,6A081304SOD6,0
8IQU14000,6A081305SOA5,0
8IQU14000,6A081306SOE7,0
8IQU14000,6A081307SOB6,0
8IQU14000,6A081316SOC0,0
8IQU17005,6A081317SOG2,0
8IQU17005,6A081318SOD1,0
8IQU31003,6A082253SOB1,0
8IQU31003,6A082254SOF3,0
8IQU31003,6A082260SOA2,0
8IQU31003,6A082263SOF5,0
8IQU31003,6A082264SOC4,0
8IQU31000,6A082265SOG6,0
8IQU31000,6A082267SOA4,0
8IQU31003,6A082285SOB0,0
8IQU31003,6A082286SOF2,0
8IQU31003,6A082288SOG3,0
8IQU31003,6A082289SOD2,0
8IQU30005,6A083226SOA6,0
8IQU30005,6A083227SOF0,0
8IQU30005,6A083228SOB7,0
8IQU30005,6A083230SOB7,0
8IQU30005,6A083232SOD0,0
8IQU30005,6A083236SOF2,0
8IQU30005,6A083237SOC1,0
8IQU30005,6A083240SOG3,0
8IQU30005,6A083242SOA1,0
8IQU30005,6A083243SOE3,0
8IQU30005,6A083246SOC3,0
8IQU30005,6A083247SOG5,0
8IQU30004,6A083287SOC4,0
8IQU30004,6A083288SOG6,0
8IQU30005,6A083297SOH0,0
8IQU17000,6A084007SOF4,0
8IQU17000,6A084008SOC3,0
8IQU17000,6A084009SOG5,0
8IQU17000,6A084010SOC3,0
8IQU17000,6A084011SOG5,0
8IQU30007,6A084151SOB5,0
8IQU30007,6A084152SOF7,0
8IQU30007,6A084157SOF0,0
8IQU30007,6A084158SOB7,0
8IQU30007,6A084168SOG3,0
8IQU30007,6A084169SOD2,0
8IQU30007,6A084170SOG3,0
8IQU30007,6A084171SOD2,0
8IQU30007,6A084172SOA1,0
8IQU16011,6A084204SOF6,0
8IQU30007,6A084237SOC4,0
8IQU30007,6A084293SOF1,0
8IQU30007,6A084295SOG2,0
8IQU17000,6A085225SOE5,0
8IQU16011,6A086151SOC3,0
8IQU16011,6A086156SOB4,0
8IQU16011,6A086158SOC5,0
8IQU16011,6A086162SOD6,0
8IQU30005,6A086272SOA0,0
8IQU30005,6A086274SOB1,0
8IQU31003,6A087017SOD6,0
8IQU31003,6A087018SOA5,0
8IQU31003,6A087022SOB6,0
8IQU31003,6A087023SOG0,0
8IQU31003,6A087025SOH1,0
8IQU31003,6A087026SOE0,0
8IQU31003,6A087030SOF1,0
8IQU30004,6A087040SOC2,0
8IQU30004,6A087042SOD3,0
8IQU30004,6A087043SOA2,0
8IQU30004,6A087047SOC4,0
8IQU30004,6A087048SOG6,0
8IQU30004,6A087049SOD5,0
8IQU30004,6A087050SOG6,0
8IQU30004,6A087051SOD5,0
8IQU31003,6A087055SOF7,0
8IQU31003,6A087056SOC6,0
8IQU30004,6A087065SOD0,0
8IQU30004,6A087067SOE1,0
8IQU30004,6A087068SOB0,0
8IQU30004,6A087071SOF2,0
8IQU30004,6A087072SOC1,0
8IQU30004,6A087073SOG3,0
8IQU30004,6A087076SOE3,0
8IQU30004,6A087078SOF4,0
8IQU30004,6A087079SOC3,0
8IQU31003,6A087081SOC3,0
8IQU30004,6A087082SOG5,0
8IQU30004,6A087083SOD4,0
8IQU30004,6A087084SOA3,0
8IQU30004,6A087085SOE5,0
8IQU31003,6A087086SOB4,0
8IQU30004,6A087100SOF4,0
8IQU30004,6A087125SOG2,0
8IQU16011,6A087143SOG6,0
8IQU16011,6A087145SOA4,0
8IQU16011,6A087199SOD1,0
8IQU30005,6A088128SOE5,0
8IQU30005,6A088129SOB4,0
8IQU30005,6A088131SOB4,0
8IQU30005,6A088132SOF6,0
8IQU30005,6A088136SOA5,0
8IQU30005,6A088137SOE7,0
8IQU30005,6A088141SOG0,0
8IQU30005,6A088144SOE0,0
8IQU30005,6A088145SOA7,0
8IQU30005,6A088146SOF1,0
8IQU17000,6A089003SOF1,0
8IQU17000,6A089004SOC0,0
8IQU17000,6A089005SOG2,0
8IQU17000,6A089006SOD1,0
8IQU17000,6A089009SOB1,0
8IQU14017,6A089015SOD3,0
8IQU14017,6A089016SOA2,0
8IQU14017,6A089017SOE4,0
8IQU17015,6A089071SOG0,0
8IQU17015,6A089073SOH1,0
8IQU17015,6A089076SOF1,0
8IQU17015,6A089077SOC0,0
8IQU16018,6A089078SOG2,0
8IQU16018,6A089079SOD1,0
8IQU16018,6A089080SOG2,0
8IQU16018,6A089081SOD1,0
8IQU16018,6A089082SOA0,0
8IQU16018,6A089083SOE2,0
8IQU16018,6A089085SOF3,0
8IQU16018,6A089086SOC2,0
8IQU17015,6A089125SOH0,0
8IQU17005,6A089233SOC1,0
8IQU17005,6A089247SOB4,0
8IQU17005,6A089248SOF6,0
8IQU17005,6A089253SOD6,0
8IQU17005,6A089254SOA5,0
8IQU31000,6A08C066SOE3,0
8IQU31000,6A08C072SOG5,0
8IQU16011,6A08C299SOG6,0
8IQU16011,6A08F109SOF1,0
8IQU16011,6A08F110SOA7,0
8IQU16011,6A08F111SOF1,0
8IQU16011,6A08F115SOA0,0
8IQU16011,6A08F116SOE2,0
8IQU16011,6A08F117SOB1,0
8IQU16011,6A08F120SOF3,0
8IQU16011,6A08F137SOC6,0
8IQU16011,6A08F140SOH0,0
8IQU16011,6A08F141SOD7,0
8IQU31002,6A08G135SOC0,0
8IQU31002,6A08G136SOG2,0
8IQU31002,6A08G137SOD1,0
8IQU30007,6A08I077SOA5,0
8IQU30007,6A08I083SOC7,0
8IQU30007,6A08I085SOE0,0
8IQU16011,6A08I226SOB5,0
8IQU16011,6A08I227SOF7,0
8IQU16011,6A08I259SOF6,0
8IQU16011,6A08I260SOB4,0
8IQU16011,6A08I261SOF6,0
8IQU16011,6A08I262SOC5,0
8IQU31002,6A08N086SOC6,0
8IQU31002,6A08N087SOH0,0
8IQU31002,6A08N088SOD7,0
8IQU31002,6A08N089SOA6,0
8IQU31002,6A08N093SOB7,0
8IQU31002,6A08N095SOD0,0
8IQU31002,6A08N102SOA4,0
8IQU31002,6A08N104SOB5,0
8IQU31002,6A08N105SOF7,0
8IQU31002,6A08N106SOC6,0
8IQU31002,6A08N107SOH0,0
8IQU31002,6A08N109SOA6,0
8IQU31002,6A08N150SOH1,0
8IQU31002,6A08N151SOE0,0
8IQU31002,6A08S245SOC6,0
8IQU31002,6A08S274SOE5,0